XCoord,YCoord,START_NODE,END_NODE,EDGE,LENGTH
385075.73365726,6539826.51330567,1,2,1,1948.391139281
383190.16273194,6540024.90846975,2,1,1,1948.391139281
385198.37712762,6540139.73081369,3,4,2,65.7766578758294
385150.30910656,6540184.63108177,4,3,2,65.7766578758294
352644.62642724,6542442.19208387,5,6,3,44.7337285003874
352689.28281953,6542444.82135994,6,5,3,44.7337285003874
385015.33350399,6542274.46833239,7,8,4,838.150380892796
385634.74270226,6542829.81806262,8,7,4,838.150380892796
362210.51533590,6542909.30072749,9,10,5,580.241072138003
361970.07119992,6542381.22859844,10,9,5,580.241072138003
382799.60112385,6543595.74536441,11,12,6,2960.0871736823
382799.60112385,6543595.74536441,11,13,7,5664.80199358038
382799.60112385,6543595.74536441,11,22,11,1165.55470092132
385746.40563451,6543536.76473274,12,11,6,2960.0871736823
377254.91882081,6543683.39760649,13,11,7,5664.80199358038
386169.83751002,6544260.03919850,15,16,8,339.648785992732
386169.83751002,6544260.03919850,15,18,10,2640.71416156445
386169.83751002,6544260.03919850,15,40,20,2468.83944066315
386067.89406634,6543936.05026023,16,15,8,339.648785992732
383299.97764285,6544156.25786823,17,18,9,432.43193229759
383549.29330214,6544507.65506996,18,17,9,432.43193229759
383549.29330214,6544507.65506996,18,15,10,2640.71416156445
383549.29330214,6544507.65506996,18,23,12,477.49626703204
383091.32611896,6544645.94741954,22,11,11,1165.55470092132
383158.02334181,6544678.62222420,23,18,12,477.49626703204
377316.75677715,6545455.37907377,25,26,13,83.4860391918255
377373.94845479,6545516.19028057,26,25,13,83.4860391918255
377373.94845479,6545516.19028057,26,28,14,406.198269129285
377373.94845479,6545516.19028057,26,30,15,218.377860114404
377676.02692620,6545617.98940120,28,26,14,406.198269129285
377521.27397588,6545677.38606409,30,26,15,218.377860114404
377521.27397588,6545677.38606409,30,516,258,3364.4081541942
358429.00297492,6545697.65357261,31,32,16,194.429090365968
358429.00297492,6545697.65357261,31,419,210,5683.40196768132
358458.00163069,6545508.24495603,32,31,16,194.429090365968
399771.36603270,6541521.26359986,33,34,17,8062.19342153462
406374.79192576,6546070.92444940,34,33,17,8062.19342153462
406374.79192576,6546070.92444940,34,36,18,4019.02808021517
406374.79192576,6546070.92444940,34,38,19,237.875154539749
406374.79192576,6546070.92444940,34,3915,1958,15537.1103964503
405666.12787348,6542126.35703671,36,34,18,4019.02808021517
406557.60301510,6546223.12397226,38,34,19,237.875154539749
386439.01995988,6546558.53686329,40,15,20,2468.83944066315
386439.01995988,6546558.53686329,40,1370,685,4158.71236652932
349918.26322442,6546692.14916627,41,42,21,948.381971987317
350850.75009311,6546681.28922102,42,41,21,948.381971987317
350850.75009311,6546681.28922102,42,54,27,1259.32655797591
352941.05472000,6546947.57324498,43,44,22,149.969655239638
352792.04559110,6546964.51954240,44,43,22,149.969655239638
352792.04559110,6546964.51954240,44,46,23,269.210844077299
352792.04559110,6546964.51954240,44,50,26,78.8736604893172
352524.76907869,6546996.73358413,46,44,23,269.210844077299
352524.76907869,6546996.73358413,46,47,24,23.9760781700691
352524.76907869,6546996.73358413,46,60,31,565.916289340668
352522.71269590,6547020.62131349,47,46,24,23.9760781700691
352522.71269590,6547020.62131349,47,50,25,263.911104910169
352522.71269590,6547020.62131349,47,67,34,67.7181902618824
352785.66179859,6547043.13443610,50,47,25,263.911104910169
352785.66179859,6547043.13443610,50,44,26,78.8736604893172
352785.66179859,6547043.13443610,50,56,28,64.6630189813908
352785.66179859,6547043.13443610,50,69,36,68.8215745899476
351930.61597792,6547043.32368309,54,42,27,1259.32655797591
351930.61597792,6547043.32368309,54,60,30,32.656791087381
351930.61597792,6547043.32368309,54,103,52,298.299695779136
352850.19130318,6547047.28763494,56,50,28,64.6630189813908
352850.19130318,6547047.28763494,56,58,29,71.7207571956356
352850.19130318,6547047.28763494,56,86,44,210.074921047568
352921.76385045,6547051.89605014,58,56,29,71.7207571956356
352921.76385045,6547051.89605014,58,64,32,71.2238283427596
352921.76385045,6547051.89605014,58,90,46,211.036795508016
351961.69281884,6547053.35842088,60,54,30,32.656791087381
351961.69281884,6547053.35842088,60,46,31,565.916289340668
352992.83710162,6547056.52494760,64,58,32,71.2238283427596
352992.83710162,6547056.52494760,64,66,33,20.1539259785956
352992.83710162,6547056.52494760,64,94,48,211.951165907406
352994.61174769,6547036.44930654,66,64,33,20.1539259785956
352516.91085519,6547088.09050599,67,47,34,67.7181902618824
352516.91085519,6547088.09050599,67,69,35,264.341057651127
352516.91085519,6547088.09050599,67,73,37,72.4893635833371
352780.19202882,6547111.73830442,69,67,35,264.341057651127
352780.19202882,6547111.73830442,69,50,36,68.8215745899476
352780.19202882,6547111.73830442,69,75,39,69.1021358732511
352510.69486077,6547160.31286573,73,67,37,72.4893635833371
352510.69486077,6547160.31286573,73,75,38,264.783973582006
352510.69486077,6547160.31286573,73,79,40,71.0519011596727
352774.69884103,6547180.62175722,75,73,38,264.783973582006
352774.69884103,6547180.62175722,75,69,39,69.1021358732511
352774.69884103,6547180.62175722,75,82,42,71.2776233238178
352504.60792986,6547231.10355672,79,73,40,71.0519011596727
352504.60792986,6547231.10355672,79,82,41,265.227536910318
352504.60792986,6547231.10355672,79,97,49,62.555167572777
352769.03655597,6547251.67411900,82,79,41,265.227536910318
352769.03655597,6547251.67411900,82,75,42,71.2776233238178
352769.03655597,6547251.67411900,82,86,43,64.3798880664328
352769.03655597,6547251.67411900,82,99,51,63.3821302587921
352833.22183964,6547256.67605334,86,82,43,64.3798880664328
352833.22183964,6547256.67605334,86,56,44,210.074921047568
352833.22183964,6547256.67605334,86,90,45,72.0134193388685
352833.22183964,6547256.67605334,86,119,61,207.820564922149
352905.01786674,6547262.26739108,90,86,45,72.0134193388685
352905.01786674,6547262.26739108,90,58,46,211.036795508016
352905.01786674,6547262.26739108,90,94,47,69.3373108008193
352905.01786674,6547262.26739108,90,123,63,208.490808373711
352974.14591031,6547267.65035132,94,90,47,69.3373108008193
352974.14591031,6547267.65035132,94,64,48,211.951165907406
352974.14591031,6547267.65035132,94,129,66,209.132838485666
352499.24663333,6547293.42855563,97,79,49,62.555167572777
352499.24663333,6547293.42855563,97,99,50,265.615971991257
352499.24663333,6547293.42855563,97,107,54,68.9192321066048
352763.99694455,6547314.85557793,99,97,50,265.615971991257
352763.99694455,6547314.85557793,99,82,51,63.3821302587921
352763.99694455,6547314.85557793,99,109,56,69.36055774519
351884.35145180,6547324.44164644,103,54,52,298.299695779136
351884.35145180,6547324.44164644,103,105,53,2.43201482013909
351884.08877073,6547326.85943360,105,103,53,2.43201482013909
352493.34277263,6547362.09444952,107,97,54,68.9192321066048
352493.34277263,6547362.09444952,107,109,55,266.040396394133
352493.34277263,6547362.09444952,107,113,57,73.2861192028754
352758.48009121,6547383.99638571,109,107,55,266.040396394133
352758.48009121,6547383.99638571,109,99,56,69.36055774519
352758.48009121,6547383.99638571,109,115,59,74.4895845587798
352487.06105230,6547435.11085355,113,107,57,73.2861192028754
352487.06105230,6547435.11085355,113,115,58,266.664141945438
352487.06105230,6547435.11085355,113,143,72,73.1395822858172
352752.71826041,6547458.26279476,115,113,58,266.664141945438
352752.71826041,6547458.26279476,115,109,59,74.4895845587798
352752.71826041,6547458.26279476,115,119,60,63.9565502210547
352752.71826041,6547458.26279476,115,152,77,69.1992821659405
352816.43314844,6547463.81737479,119,115,60,63.9565502210547
352816.43314844,6547463.81737479,119,86,61,207.820564922149
352816.43314844,6547463.81737479,119,123,62,72.3163496843544
352888.47599163,6547470.10093877,123,119,62,72.3163496843544
352888.47599163,6547470.10093877,123,90,63,208.490808373711
352888.47599163,6547470.10093877,123,127,64,35.1348019507194
352923.47738917,6547473.15977497,127,123,64,35.1348019507194
352923.47738917,6547473.15977497,127,129,65,32.3509842391355
352923.47738917,6547473.15977497,127,156,79,65.2004845590675
352955.70620079,6547475.96866843,129,127,65,32.3509842391355
352955.70620079,6547475.96866843,129,94,66,209.132838485666
352955.70620079,6547475.96866843,129,133,67,41.5149726454616
352997.06418942,6547479.57556876,133,129,67,41.5149726454616
352997.06418942,6547479.57556876,133,135,68,66.5476467082536
352997.06418942,6547479.57556876,133,166,84,116.656424965677
353063.36010209,6547485.35840942,135,133,68,66.5476467082536
353063.36010209,6547485.35840942,135,137,69,70.9736306252034
353063.36010209,6547485.35840942,135,174,88,116.18166597489
353134.06483629,6547491.53067039,137,135,69,70.9736306252034
353134.06483629,6547491.53067039,137,139,70,71.5982343810606
353134.06483629,6547491.53067039,137,178,90,115.675791728505
353205.39170699,6547497.75840542,139,137,70,71.5982343810606
353205.39170699,6547497.75840542,139,141,71,69.2312956273136
353205.39170699,6547497.75840542,139,186,94,115.170798194052
353274.36091133,6547503.77680607,141,139,71,69.2312956273136
353274.36091133,6547503.77680607,141,145,73,71.5110609006326
353274.36091133,6547503.77680607,141,190,96,114.683452903814
352480.79706726,6547507.98170498,143,113,72,73.1395822858172
352480.79706726,6547507.98170498,143,152,76,266.961084228762
352480.79706726,6547507.98170498,143,159,81,73.0055205941813
353345.60073360,6547509.99930994,145,141,73,71.5110609006326
353345.60073360,6547509.99930994,145,147,74,69.5611178881011
353345.60073360,6547509.99930994,145,194,98,114.180539290297
353414.89800039,6547516.05223791,147,145,74,69.5611178881011
353414.89800039,6547516.05223791,147,149,75,69.526777165166
353414.89800039,6547516.05223791,147,198,100,113.68371782679
353484.16057132,6547522.10773223,149,147,75,69.526777165166
353484.16057132,6547522.10773223,149,202,102,113.197969491056
352747.06328645,6547527.23062728,152,143,76,266.961084228762
352747.06328645,6547527.23062728,152,115,77,69.1992821659405
352747.06328645,6547527.23062728,152,156,78,170.420817986612
352747.06328645,6547527.23062728,152,169,86,72.0534207703367
352917.14021807,6547538.05155757,156,152,78,170.420817986612
352917.14021807,6547538.05155757,156,127,79,65.2004845590675
352917.14021807,6547538.05155757,156,163,82,51.98972002119
352474.53977268,6547580.71857528,159,160,80,593.12312452783
352474.53977268,6547580.71857528,159,143,81,73.0055205941813
352474.53977268,6547580.71857528,159,169,85,266.776713950758
352474.53977268,6547580.71857528,159,207,104,73.3015599119804
351884.79971421,6547522.94248481,160,159,80,593.12312452783
352912.10215039,6547589.79659464,163,156,82,51.98972002119
352912.10215039,6547589.79659464,163,166,83,74.7594251603997
352912.10215039,6547589.79659464,163,182,92,21.5711706757245
352986.62304789,6547595.76379557,166,163,83,74.7594251603997
352986.62304789,6547595.76379557,166,133,84,116.656424965677
352986.62304789,6547595.76379557,166,174,87,68.3376421447341
352986.62304789,6547595.76379557,166,240,121,197.888905967093
352740.68925601,6547599.00156276,169,159,85,266.776713950758
352740.68925601,6547599.00156276,169,152,86,72.0534207703367
352740.68925601,6547599.00156276,169,182,91,169.768739386401
352740.68925601,6547599.00156276,169,210,106,79.2069505789217
353054.74252205,6547601.22003733,174,166,87,68.3376421447341
353054.74252205,6547601.22003733,174,135,88,116.18166597489
353054.74252205,6547601.22003733,174,178,89,70.7825675966265
353054.74252205,6547601.22003733,174,244,123,197.901710524116
353125.29892749,6547606.87384372,178,174,89,70.7825675966265
353125.29892749,6547606.87384372,178,137,90,115.675791728505
353125.29892749,6547606.87384372,178,186,93,71.2107353869874
353125.29892749,6547606.87384372,178,248,125,197.911394652304
352910.01437618,6547611.26649458,182,169,91,169.768739386401
352910.01437618,6547611.26649458,182,163,92,21.5711706757245
352910.01437618,6547611.26649458,182,216,109,80.7752896047317
353196.28161307,6547612.56833071,186,178,93,71.2107353869874
353196.28161307,6547612.56833071,186,139,94,115.170798194052
353196.28161307,6547612.56833071,186,190,95,68.5278673586672
353196.28161307,6547612.56833071,186,252,127,197.931711843212
353264.59042146,6547618.04330115,190,186,95,68.5278673586672
353264.59042146,6547618.04330115,190,141,96,114.683452903814
353264.59042146,6547618.04330115,190,194,97,71.8579435012416
353264.59042146,6547618.04330115,190,256,129,197.949441438247
353336.21791067,6547623.79367793,194,190,97,71.8579435012416
353336.21791067,6547623.79367793,194,145,98,114.180539290297
353336.21791067,6547623.79367793,194,198,99,69.9607315137224
353336.21791067,6547623.79367793,194,264,133,197.95691346091
353405.95496057,6547629.38365340,198,194,99,69.9607315137224
353405.95496057,6547629.38365340,198,147,100,113.68371782679
353405.95496057,6547629.38365340,198,202,101,70.649318947867
353405.95496057,6547629.38365340,198,270,136,197.98649897309
353476.37765985,6547635.03782825,202,198,101,70.649318947867
353476.37765985,6547635.03782825,202,149,102,113.197969491056
353476.37765985,6547635.03782825,202,238,119,152.293099586352
393336.08993596,6545988.64142399,205,206,103,2079.46689761083
394378.07256560,6547642.64691814,206,205,103,2079.46689761083
352469.36591022,6547653.83731319,207,159,104,73.3015599119804
352469.36591022,6547653.83731319,207,210,105,265.669264872397
352469.36591022,6547653.83731319,207,213,107,30.5333484626881
352733.94133611,6547677.92055032,210,207,105,265.669264872397
352733.94133611,6547677.92055032,210,169,106,79.2069505789217
352733.94133611,6547677.92055032,210,216,108,161.906636237116
352733.94133611,6547677.92055032,210,220,111,27.9208499001685
352467.20748269,6547684.29427559,213,207,107,30.5333484626881
352467.20748269,6547684.29427559,213,220,110,264.994099649338
352467.20748269,6547684.29427559,213,227,114,69.4025798279808
352895.39026257,6547690.08619887,216,210,108,161.906636237116
352895.39026257,6547690.08619887,216,182,109,80.7752896047317
352895.39026257,6547690.08619887,216,224,113,28.6803182134452
352731.33403765,6547705.71939659,220,213,110,264.994099649338
352731.33403765,6547705.71939659,220,210,111,27.9208499001685
352731.33403765,6547705.71939659,220,224,112,161.600266269536
352731.33403765,6547705.71939659,220,230,116,67.8448408793904
352892.41917486,6547718.61220965,224,220,112,161.600266269536
352892.41917486,6547718.61220965,224,216,113,28.6803182134452
352892.41917486,6547718.61220965,224,234,118,67.8758105961645
352461.62380933,6547753.47187803,227,213,114,69.4025798279808
352461.62380933,6547753.47187803,227,230,115,266.533476927924
352461.62380933,6547753.47187803,227,267,134,70.0609960137112
352727.40745891,6547773.45051509,230,227,115,266.533476927924
352727.40745891,6547773.45051509,230,220,116,67.8448408793904
352727.40745891,6547773.45051509,230,234,117,159.973177860537
352727.40745891,6547773.45051509,230,277,140,70.7509343236244
352886.86692272,6547786.26055153,234,230,117,159.973177860537
352886.86692272,6547786.26055153,234,224,118,67.8758105961645
352886.86692272,6547786.26055153,234,240,120,82.3479394476354
352886.86692272,6547786.26055153,234,283,143,70.3627679391762
353465.91195769,6547786.97089661,238,202,119,152.293099586352
353465.91195769,6547786.97089661,238,259,131,28.6799567149723
352968.94983728,6547792.86193542,240,234,120,82.3479394476354
352968.94983728,6547792.86193542,240,166,121,197.888905967093
352968.94983728,6547792.86193542,240,244,122,71.2899031354073
352968.94983728,6547792.86193542,240,343,173,122.093910036372
353040.01064141,6547798.57266265,244,240,122,71.2899031354073
353040.01064141,6547798.57266265,244,174,123,197.901710524116
353040.01064141,6547798.57266265,244,248,124,70.4971010739535
353040.01064141,6547798.57266265,244,353,178,121.78631724184
353110.28161019,6547804.21466645,248,244,124,70.4971010739535
353110.28161019,6547804.21466645,248,178,125,197.911394652304
353110.28161019,6547804.21466645,248,252,126,70.5508586177024
353110.28161019,6547804.21466645,248,359,181,121.484845997483
353180.60477575,6547809.87823752,252,248,126,70.5508586177024
353180.60477575,6547809.87823752,252,186,127,197.931711843212
353180.60477575,6547809.87823752,252,256,128,67.3587063525321
353180.60477575,6547809.87823752,252,365,184,121.194064322843
353247.74695347,6547815.27483755,256,252,128,67.3587063525321
353247.74695347,6547815.27483755,256,190,129,197.949441438247
353247.74695347,6547815.27483755,256,264,132,72.4334424803106
353247.74695347,6547815.27483755,256,371,187,120.914074032918
353463.62268435,6547815.55934086,259,260,130,27.983532599204
353463.62268435,6547815.55934086,259,238,131,28.6799567149723
353463.62268435,6547815.55934086,259,274,138,17.0382323949671
353435.76345455,6547812.92468494,260,259,130,27.983532599204
353319.94733028,6547821.08079814,264,256,132,72.4334424803106
353319.94733028,6547821.08079814,264,194,133,197.95691346091
353319.94733028,6547821.08079814,264,270,135,70.6485546965941
353319.94733028,6547821.08079814,264,381,192,120.610128610707
352456.40009663,6547823.33786394,267,227,134,70.0609960137112
352456.40009663,6547823.33786394,267,277,139,266.186458908562
352456.40009663,6547823.33786394,267,315,158,66.0478505248064
353390.36760311,6547826.75560699,270,264,135,70.6485546965941
353390.36760311,6547826.75560699,270,198,136,197.98649897309
353390.36760311,6547826.75560699,270,274,137,72.1213915605949
353390.36760311,6547826.75560699,270,387,195,120.312361064091
353462.25643806,6547832.54270726,274,270,137,72.1213915605949
353462.25643806,6547832.54270726,274,259,138,17.0382323949671
353462.25643806,6547832.54270726,274,281,141,19.4155119173142
352721.78515256,6547843.97770403,277,267,139,266.186458908562
352721.78515256,6547843.97770403,277,230,140,70.7509343236244
352721.78515256,6547843.97770403,277,283,142,158.541550620507
352721.78515256,6547843.97770403,277,339,171,70.3141543762707
353460.70519722,6547851.89615023,281,274,141,19.4155119173142
353460.70519722,6547851.89615023,281,288,144,58.4856121584815
353460.70519722,6547851.89615023,281,295,149,11.1379160922132
352879.84925828,6547856.27248979,283,277,142,158.541550620507
352879.84925828,6547856.27248979,283,234,143,70.3627679391762
352879.84925828,6547856.27248979,283,333,167,52.1085265250373
353519.01031372,6547856.48747032,288,281,144,58.4856121584815
353519.01031372,6547856.48747032,288,290,145,269.851281331945
353519.01031372,6547856.48747032,288,292,146,72.7354282897741
353519.01031372,6547856.48747032,288,434,218,249.596022570361
353541.66236829,6547587.58860743,290,288,145,269.851281331945
353591.52127074,6547862.19743010,292,288,146,72.7354282897741
353591.52127074,6547862.19743010,292,294,147,270.52558243071
353591.52127074,6547862.19743010,292,300,150,69.5060511293434
353591.52127074,6547862.19743010,292,442,222,249.531593773165
353611.58860243,6547592.41716220,294,292,147,270.52558243071
353459.81469220,6547862.99841016,295,296,148,44.131747386813
353459.81469220,6547862.99841016,295,281,149,11.1379160922132
353459.81469220,6547862.99841016,295,393,198,89.4502514045544
353415.86282613,6547859.01788331,296,295,148,44.131747386813
353660.81202251,6547867.66395203,300,292,150,69.5060511293434
353660.81202251,6547867.66395203,300,302,151,273.595765870236
353660.81202251,6547867.66395203,300,304,152,68.5510931698055
353660.81202251,6547867.66395203,300,450,226,249.471964021092
353683.57760392,6547595.01697991,302,300,151,273.595765870236
353729.15155762,6547873.04543103,304,300,152,68.5510931698055
353729.15155762,6547873.04543103,304,306,153,269.770600906102
353729.15155762,6547873.04543103,304,308,154,69.5627295441015
353729.15155762,6547873.04543103,304,458,230,249.406196123664
353751.52150647,6547604.20391173,306,304,153,269.770600906102
353798.49914055,6547878.51224752,308,304,154,69.5627295441015
353798.49914055,6547878.51224752,308,310,155,270.723230953185
353798.49914055,6547878.51224752,308,312,156,72.5510440620856
353823.59202640,6547608.95443395,310,308,155,270.723230953185
353870.82505034,6547884.22335666,312,308,156,72.5510440620856
353870.82505034,6547884.22335666,312,314,157,267.946401896716
353870.82505034,6547884.22335666,312,318,159,74.3982511740032
353870.82505034,6547884.22335666,312,474,238,249.278281645131
353891.49446864,6547617.07536502,314,312,157,267.946401896716
352451.47626875,6547889.20192454,315,267,158,66.0478505248064
352451.47626875,6547889.20192454,315,339,170,265.881522169012
352451.47626875,6547889.20192454,315,397,199,72.0112422245849
353944.99351467,6547890.06618797,318,312,159,74.3982511740032
353944.99351467,6547890.06618797,318,320,160,275.38463497949
353944.99351467,6547890.06618797,318,322,161,67.527250862702
353944.99351467,6547890.06618797,318,482,242,249.223116035695
353964.39213553,6547615.36564067,320,318,160,275.38463497949
354012.31223390,6547895.36898432,322,318,161,67.527250862702
354012.31223390,6547895.36898432,322,324,162,271.798670452368
354012.31223390,6547895.36898432,322,326,163,68.074991052197
354012.31223390,6547895.36898432,322,486,244,249.170365808103
354034.47979167,6547624.47580124,324,322,162,271.798670452368
354080.16595735,6547900.85319997,326,322,163,68.074991052197
354080.16595735,6547900.85319997,326,328,164,271.70786350124
354080.16595735,6547900.85319997,326,330,165,73.4826629539155
354080.16595735,6547900.85319997,326,492,247,249.14802995829
354105.51132570,6547630.33004867,328,326,164,271.70786350124
354153.43044348,6547906.51154139,330,326,165,73.4826629539155
354153.43044348,6547906.51154139,330,332,166,275.678896427693
354153.43044348,6547906.51154139,330,336,168,71.2863026510293
354153.43044348,6547906.51154139,330,500,251,249.409072603857
354177.45855385,6547631.88178363,332,330,166,275.678896427693
352874.67296952,6547908.12328121,333,283,167,52.1085265250373
352874.67296952,6547908.12328121,333,343,172,83.5748573462264
354224.49391600,6547912.14357635,336,330,168,71.2863026510293
354224.49391600,6547912.14357635,336,338,169,273.457347661568
354224.49391600,6547912.14357635,336,348,174,71.9867207662952
354224.49391600,6547912.14357635,336,504,253,249.541878389822
354249.64957888,6547639.84573645,338,336,169,273.457347661568
352716.19235896,6547914.06907985,339,315,170,265.881522169012
352716.19235896,6547914.06907985,339,277,171,70.3141543762707
352716.19235896,6547914.06907985,339,377,189,290.763519736066
352716.19235896,6547914.06907985,339,400,201,70.7737119423569
352958.00691317,6547914.46446533,343,333,172,83.5748573462264
352958.00691317,6547914.46446533,343,240,173,122.093910036372
352958.00691317,6547914.46446533,343,351,176,49.6873819080684
354296.25847054,6547917.79483101,348,336,174,71.9867207662952
354296.25847054,6547917.79483101,348,349,175,276.394125191773
354296.25847054,6547917.79483101,348,508,255,249.693200082718
354317.94141699,6547642.25252523,349,348,175,276.394125191773
353007.55092748,6547918.23627748,351,343,176,49.6873819080684
353007.55092748,6547918.23627748,351,353,177,23.4951540820759
353007.55092748,6547918.23627748,351,377,190,23.0864405567824
353030.97800402,6547920.02355202,353,351,177,23.4951540820759
353030.97800402,6547920.02355202,353,244,178,121.78631724184
353030.97800402,6547920.02355202,353,357,179,43.4069042177458
353074.26016593,6547923.31198535,357,353,179,43.4069042177458
353074.26016593,6547923.31198535,357,359,180,26.8795078726586
353074.26016593,6547923.31198535,357,429,216,181.266518040433
353101.06236235,6547925.34919198,359,357,180,26.8795078726586
353101.06236235,6547925.34919198,359,248,181,121.484845997483
353101.06236235,6547925.34919198,359,363,182,44.350158856147
353145.28385586,6547928.72500329,363,359,182,44.350158856147
353145.28385586,6547928.72500329,363,365,183,25.8062231349975
353145.28385586,6547928.72500329,363,437,220,181.554812854323
353171.01498304,6547930.69229756,365,363,183,25.8062231349975
353171.01498304,6547930.69229756,365,252,184,121.194064322843
353171.01498304,6547930.69229756,365,369,185,38.352919914369
353209.25698883,6547933.60699458,369,365,185,38.352919914369
353209.25698883,6547933.60699458,369,371,186,28.2598802041939
353209.25698883,6547933.60699458,369,445,224,181.809057244229
353237.43561598,6547935.74844304,371,369,186,28.2598802041939
353237.43561598,6547935.74844304,371,256,187,120.914074032918
353237.43561598,6547935.74844304,371,375,188,38.9135227406438
353276.23633436,6547938.70927143,375,371,188,38.9135227406438
353276.23633436,6547938.70927143,375,381,191,33.8926459534588
353276.23633436,6547938.70927143,375,453,228,182.085293100669
353005.68291834,6547941.24702017,377,339,189,290.763519736066
353005.68291834,6547941.24702017,377,351,190,23.0864405567824
353005.68291834,6547941.24702017,377,404,203,69.4037644907078
353310.03114824,6547941.28259704,381,375,191,33.8926459534588
353310.03114824,6547941.28259704,381,264,192,120.610128610707
353310.03114824,6547941.28259704,381,385,193,36.4812619968837
353346.40665715,6547944.05835433,385,381,193,36.4812619968837
353346.40665715,6547944.05835433,385,387,194,34.592634037959
353346.40665715,6547944.05835433,385,465,234,182.375023185841
353380.89867974,6547946.69477371,387,385,194,34.592634037959
353380.89867974,6547946.69477371,387,270,195,120.312361064091
353380.89867974,6547946.69477371,387,391,196,32.4252491629599
353413.23024616,6547949.15781985,391,387,196,32.4252491629599
353413.23024616,6547949.15781985,391,393,197,39.5538028346765
353413.23024616,6547949.15781985,391,469,236,182.647340047074
353452.66973300,6547952.16284833,393,391,197,39.5538028346765
353452.66973300,6547952.16284833,393,295,198,89.4502514045544
353452.66973300,6547952.16284833,393,423,212,149.053997830128
352446.10982682,6547961.01292862,397,315,199,72.0112422245849
352446.10982682,6547961.01292862,397,400,200,265.507454231501
352446.10982682,6547961.01292862,397,407,204,69.2316543174392
352710.56581934,6547984.61878116,400,397,200,265.507454231501
352710.56581934,6547984.61878116,400,339,201,70.7737119423569
352710.56581934,6547984.61878116,400,404,202,290.660889013191
352710.56581934,6547984.61878116,400,412,207,69.2706309962791
353000.07891825,6548010.42416747,404,400,202,290.660889013191
353000.07891825,6548010.42416747,404,377,203,69.4037644907078
353000.07891825,6548010.42416747,404,416,209,69.3249765817521
352440.94704805,6548030.05181386,407,397,204,69.2316543174392
352440.94704805,6548030.05181386,407,412,206,265.166921636582
352440.94704805,6548030.05181386,407,425,213,71.6525490608599
394706.61941629,6547798.82042317,409,410,205,265.132996332283
394795.34753072,6548043.08562120,410,409,205,265.132996332283
352705.06002650,6548053.67025879,412,407,206,265.166921636582
352705.06002650,6548053.67025879,412,400,207,69.2706309962791
352705.06002650,6548053.67025879,412,416,208,290.576036277607
352705.06002650,6548053.67025879,412,461,232,70.807550348323
352994.48371180,6548079.52298108,416,412,208,290.576036277607
352994.48371180,6548079.52298108,416,404,209,69.3249765817521
352994.48371180,6548079.52298108,416,421,211,19.170861088015
355948.82064416,6547951.91138051,419,31,210,5683.40196768132
355948.82064416,6547951.91138051,419,779,390,1033.3637872724
352992.93710050,6548098.63135381,421,416,211,19.170861088015
352992.93710050,6548098.63135381,421,429,215,67.3709750836144
352992.93710050,6548098.63135381,421,495,249,50.7152480377544
353440.76339526,6548100.74054986,423,393,212,149.053997830128
353440.76339526,6548100.74054986,423,428,214,41.9406816549314
353440.76339526,6548100.74054986,423,477,240,33.761339516505
352435.60765978,6548101.50514632,425,407,213,71.6525490608599
352435.60765978,6548101.50514632,425,461,231,264.80096174903
352435.60765978,6548101.50514632,425,513,257,73.9172104000085
353482.57719222,6548104.00048265,428,423,214,41.9406816549314
353482.57719222,6548104.00048265,428,434,217,15.5299950648296
353482.57719222,6548104.00048265,428,511,256,68.3206899713457
353060.09190884,6548104.02394138,429,421,215,67.3709750836144
353060.09190884,6548104.02394138,429,357,216,181.266518040433
353060.09190884,6548104.02394138,429,437,219,70.1329655872192
353060.09190884,6548104.02394138,429,702,352,585.337773206595
353498.06058120,6548105.20273561,434,428,217,15.5299950648296
353498.06058120,6548105.20273561,434,288,218,249.596022570361
353498.06058120,6548105.20273561,434,442,221,75.179185174497
353130.00002655,6548109.63535300,437,429,219,70.1329655872192
353130.00002655,6548109.63535300,437,363,220,181.554812854323
353130.00002655,6548109.63535300,437,445,223,64.8334027234382
353130.00002655,6548109.63535300,437,706,354,587.437735429388
353573.01267859,6548111.04165509,442,434,221,75.179185174497
353573.01267859,6548111.04165509,442,292,222,249.531593773165
353573.01267859,6548111.04165509,442,450,225,67.2410970992323
353194.62528396,6548114.82632718,445,437,223,64.8334027234382
353194.62528396,6548114.82632718,445,369,224,181.809057244229
353194.62528396,6548114.82632718,445,453,227,67.3933065108984
353194.62528396,6548114.82632718,445,714,358,583.879700021831
353640.05016454,6548116.27048067,450,442,225,67.2410970992323
353640.05016454,6548116.27048067,450,300,226,249.471964021092
353640.05016454,6548116.27048067,450,458,229,68.6257714599583
353261.80228292,6548120.22156336,453,445,227,67.3933065108984
353261.80228292,6548120.22156336,453,375,228,182.085293100669
353261.80228292,6548120.22156336,453,465,233,69.1847423696904
353261.80228292,6548120.22156336,453,722,362,584.454895433926
353708.46925254,6548121.59259541,458,450,229,68.6257714599583
353708.46925254,6548121.59259541,458,304,230,249.406196123664
353708.46925254,6548121.59259541,458,474,237,143.557697628876
352699.42967763,6548124.25360214,461,425,231,264.80096174903
352699.42967763,6548124.25360214,461,412,232,70.807550348323
352699.42967763,6548124.25360214,461,495,248,290.483212721823
352699.42967763,6548124.25360214,461,518,260,71.0535773594949
353330.76487557,6548125.76136408,465,453,233,69.1847423696904
353330.76487557,6548125.76136408,465,385,234,182.375023185841
353330.76487557,6548125.76136408,465,469,235,66.9888242925178
353330.76487557,6548125.76136408,465,730,366,583.338802664901
353397.53823983,6548131.12982804,469,465,235,66.9888242925178
353397.53823983,6548131.12982804,469,391,236,182.647340047074
353397.53823983,6548131.12982804,469,477,239,40.6584993718097
353397.53823983,6548131.12982804,469,736,369,582.671173219861
353851.59204429,6548132.75857183,474,458,237,143.557697628876
353851.59204429,6548132.75857183,474,312,238,249.278281645131
353851.59204429,6548132.75857183,474,482,241,76.0791344036865
353438.06550551,6548134.39392171,477,469,239,40.6584993718097
353438.06550551,6548134.39392171,477,423,240,33.761339516505
353438.06550551,6548134.39392171,477,529,265,103.930793316508
353927.44113442,6548138.67044279,482,474,241,76.0791344036865
353927.44113442,6548138.67044279,482,318,242,249.223116035695
353927.44113442,6548138.67044279,482,486,243,64.7556892765262
353992.00041972,6548143.71008322,486,482,243,64.7556892765262
353992.00041972,6548143.71008322,486,322,244,249.170365808103
353992.00041972,6548143.71008322,486,490,245,18.4071105834224
354010.35195067,6548145.13942984,490,486,245,18.4071105834224
354010.35195067,6548145.13942984,490,492,246,46.7283849495816
354010.35195067,6548145.13942984,490,525,264,72.6405614359561
354056.92754632,6548148.91512185,492,490,246,46.7283849495816
354056.92754632,6548148.91512185,492,326,247,249.14802995829
354056.92754632,6548148.91512185,492,500,250,75.0188901015294
352988.84136428,6548149.18094658,495,461,248,290.483212721823
352988.84136428,6548149.18094658,495,421,249,50.7152480377544
352988.84136428,6548149.18094658,495,522,262,67.9905035925872
354131.70150372,6548154.97228009,500,492,250,75.0188901015294
354131.70150372,6548154.97228009,500,330,251,249.409072603857
354131.70150372,6548154.97228009,500,504,252,70.0709936355949
354201.54388648,6548160.62787206,504,500,252,70.0709936355949
354201.54388648,6548160.62787206,504,336,253,249.541878389822
354201.54388648,6548160.62787206,504,508,254,75.3770932950233
354276.67448158,6548166.71883858,508,504,254,75.3770932950233
354276.67448158,6548166.71883858,508,348,255,249.693200082718
354276.67448158,6548166.71883858,508,531,267,74.0244026258491
353477.39004859,6548172.12397507,511,428,256,68.3206899713457
353477.39004859,6548172.12397507,511,525,263,528.43628974563
353477.39004859,6548172.12397507,511,536,269,69.6316963611206
352430.09715962,6548175.21666768,513,425,257,73.9172104000085
352430.09715962,6548175.21666768,513,518,259,264.436256588543
352430.09715962,6548175.21666768,513,539,270,68.8729533832897
379582.15227144,6548186.60161782,516,30,258,3364.4081541942
352693.78613269,6548195.08270108,518,513,259,264.436256588543
352693.78613269,6548195.08270108,518,461,260,71.0535773594949
352693.78613269,6548195.08270108,518,522,261,290.389111462789
352693.78613269,6548195.08270108,518,541,272,69.4730725158142
352983.35077820,6548216.94939088,522,518,261,290.389111462789
352983.35077820,6548216.94939088,522,495,262,67.9905035925872
352983.35077820,6548216.94939088,522,549,276,70.1217421008301
354003.87535087,6548217.49068982,525,511,263,528.43628974563
354003.87535087,6548217.49068982,525,490,264,72.6405614359561
354003.87535087,6548217.49068982,525,531,266,267.983773260627
354003.87535087,6548217.49068982,525,546,274,68.5866773620599
353429.76314105,6548237.99257297,529,477,265,103.930793316508
353429.76314105,6548237.99257297,529,536,268,42.4961122383358
353429.76314105,6548237.99257297,529,579,290,143.244796225288
354270.86818944,6548240.51517423,531,525,266,267.983773260627
354270.86818944,6548240.51517423,531,508,267,74.0244026258491
354270.86818944,6548240.51517423,531,554,278,68.0694717159944
353472.10965766,6548241.55516842,536,529,268,42.4961122383358
353472.10965766,6548241.55516842,536,511,269,69.6316963611206
353472.10965766,6548241.55516842,536,546,273,527.511532717391
353472.10965766,6548241.55516842,536,557,279,68.0511775990791
352424.96172396,6548243.89789516,539,513,270,68.8729533832897
352424.96172396,6548243.89789516,539,541,271,264.090615045395
352424.96172396,6548243.89789516,539,559,280,69.4106357822887
352688.26031960,6548264.33566632,541,539,271,264.090615045395
352688.26031960,6548264.33566632,541,518,272,69.4730725158142
352688.26031960,6548264.33566632,541,549,275,290.302797866011
352688.26031960,6548264.33566632,541,562,282,69.3155115344235
353997.76203783,6548285.80437597,546,536,273,527.511532717391
353997.76203783,6548285.80437597,546,525,274,68.5866773620599
353997.76203783,6548285.80437597,546,554,277,268.718748743313
353997.76203783,6548285.80437597,546,566,284,68.4747294889182
352977.68936039,6548286.84221643,549,541,275,290.302797866011
352977.68936039,6548286.84221643,549,522,276,70.1217421008301
352977.68936039,6548286.84221643,549,570,286,69.2129825768858
354265.53120767,6548308.37510059,554,546,277,268.718748743313
354265.53120767,6548308.37510059,554,531,278,68.0694717159944
354265.53120767,6548308.37510059,554,574,288,68.6976368480185
353466.94729128,6548309.41025478,557,536,279,68.0511775990791
353466.94729128,6548309.41025478,557,566,283,526.600731354814
353466.94729128,6548309.41025478,557,582,292,74.856220767861
352419.78982638,6548313.11557958,559,539,280,69.4106357822887
352419.78982638,6548313.11557958,559,562,281,263.745586936618
352419.78982638,6548313.11557958,559,577,289,67.3373353327209
352682.75176253,6548333.43194652,562,559,281,263.745586936618
352682.75176253,6548333.43194652,562,541,282,69.3155115344235
352682.75176253,6548333.43194652,562,570,285,290.216391214666
352682.75176253,6548333.43194652,562,585,294,68.7771596027784
353991.65627654,6548354.00634264,566,557,283,526.600731354814
353991.65627654,6548354.00634264,566,546,284,68.4747294889182
353991.65627654,6548354.00634264,566,574,287,269.458414193826
353991.65627654,6548354.00634264,566,590,296,70.2604797097465
352972.10260473,6548355.82935377,570,562,285,290.216391214666
352972.10260473,6548355.82935377,570,549,286,69.2129825768858
352972.10260473,6548355.82935377,570,593,298,70.3124561363627
354260.14369599,6548376.86115776,574,566,287,269.458414193826
354260.14369599,6548376.86115776,574,554,288,68.6976368480185
354260.14369599,6548376.86115776,574,598,300,67.8904528526096
352414.76825050,6548380.26541580,577,559,289,67.3373353327209
352414.76825050,6548380.26541580,577,585,293,263.415293577026
352414.76825050,6548380.26541580,577,603,302,72.8183662911156
353418.31554506,6548380.77921168,579,529,290,143.244796225288
353418.31554506,6548380.77921168,579,582,291,43.0784653627443
353418.31554506,6548380.77921168,579,621,311,134.147584528829
353461.26959724,6548384.05084413,582,579,291,43.0784653627443
353461.26959724,6548384.05084413,582,557,292,74.856220767861
353461.26959724,6548384.05084413,582,590,295,525.638628861321
353461.26959724,6548384.05084413,582,601,301,68.129927285329
352677.28604153,6548401.99158171,585,577,293,263.415293577026
352677.28604153,6548401.99158171,585,562,294,68.7771596027784
352677.28604153,6548401.99158171,585,593,297,290.127910666427
352677.28604153,6548401.99158171,585,606,304,71.267069193955
353985.38894683,6548423.98673695,590,582,295,525.638628861321
353985.38894683,6548423.98673695,590,566,296,70.2604797097465
353985.38894683,6548423.98673695,590,598,299,270.211779813247
353985.38894683,6548423.98673695,590,610,306,66.7228166664606
352966.42615250,6548425.91230018,593,585,297,290.127910666427
352966.42615250,6548425.91230018,593,570,298,70.3124561363627
352966.42615250,6548425.91230018,593,614,308,69.5944304214627
354254.81773432,6548444.54237909,598,590,299,270.211779813247
354254.81773432,6548444.54237909,598,574,300,67.8904528526096
354254.81773432,6548444.54237909,598,618,310,65.9948610393134
353456.09935396,6548451.98430846,601,582,301,68.129927285329
353456.09935396,6548451.98430846,601,610,305,524.753183610521
353456.09935396,6548451.98430846,601,624,313,66.2011471768179
352409.34315166,6548452.88141109,603,577,302,72.8183662911156
352409.34315166,6548452.88141109,603,606,303,263.053121998046
352409.34315166,6548452.88141109,603,627,314,67.5163336799549
352671.62324196,6548473.03331488,606,603,303,263.053121998046
352671.62324196,6548473.03331488,606,585,304,71.267069193955
352671.62324196,6548473.03331488,606,614,307,290.039858287231
352671.62324196,6548473.03331488,606,629,316,69.1924651692322
353979.44126964,6548490.44393671,610,601,305,524.753183610521
353979.44126964,6548490.44393671,610,590,306,66.7228166664606
353979.44126964,6548490.44393671,610,618,309,270.933926361906
353979.44126964,6548490.44393671,610,634,318,69.9121416163218
352960.80868438,6548495.27964695,614,606,307,290.039858287231
352960.80868438,6548495.27964695,614,593,308,69.5944304214627
352960.80868438,6548495.27964695,614,637,320,71.0187107886542
354249.64410537,6548510.33413577,618,610,309,270.933926361906
354249.64410537,6548510.33413577,618,598,310,65.9948610393134
354249.64410537,6548510.33413577,618,642,322,71.8150191256356
353407.60175069,6548514.49827930,621,579,311,134.147584528829
353407.60175069,6548514.49827930,621,624,312,43.6183955030782
353407.60175069,6548514.49827930,621,647,324,78.5485653670125
353451.07977047,6548517.99488087,624,621,312,43.6183955030782
353451.07977047,6548517.99488087,624,601,313,66.2011471768179
353451.07977047,6548517.99488087,624,634,317,523.820709378764
353451.07977047,6548517.99488087,624,650,326,78.0517172071612
352404.31182440,6548520.21001615,627,603,314,67.5163336799549
352404.31182440,6548520.21001615,627,629,315,262.716323075927
352404.31182440,6548520.21001615,627,645,323,71.1037334658771
352666.12238157,6548542.00677189,629,627,315,262.716323075927
352666.12238157,6548542.00677189,629,606,316,69.1924651692322
352666.12238157,6548542.00677189,629,637,319,289.957098640114
352666.12238157,6548542.00677189,629,661,332,70.9643588668897
353973.20732317,6548560.07758846,634,624,317,523.820709378764
353973.20732317,6548560.07758846,634,610,318,69.9121416163218
353973.20732317,6548560.07758846,634,642,321,271.686787202065
353973.20732317,6548560.07758846,634,672,337,72.6854061527759
352955.07952320,6548566.06689152,637,629,319,289.957098640114
352955.07952320,6548566.06689152,637,614,320,71.0187107886542
352955.07952320,6548566.06689152,637,675,339,69.2136261346158
354244.01401524,6548581.92812335,642,634,321,271.686787202065
354244.01401524,6548581.92812335,642,618,322,71.8150191256356
354244.01401524,6548581.92812335,642,686,343,74.4773408706249
352399.01094629,6548591.11588054,645,627,323,71.1037334658771
352399.01094629,6548591.11588054,645,661,331,262.365326596101
352399.01094629,6548591.11588054,645,666,334,28.9433783272894
353401.32509181,6548592.79566542,647,621,324,78.5485653670125
353401.32509181,6548592.79566542,647,650,325,43.936714050589
353401.32509181,6548592.79566542,647,740,371,122.516209004301
353445.15748401,6548595.82159275,650,647,325,43.936714050589
353445.15748401,6548595.82159275,650,624,326,78.0517172071612
353445.15748401,6548595.82159275,650,654,327,20.8626787201031
353465.97090801,6548597.25433295,654,650,327,20.8626787201031
353465.97090801,6548597.25433295,654,656,328,75.2175032200161
353465.97090801,6548597.25433295,654,836,419,312.65671497523
353541.00927963,6548602.44235532,656,654,328,75.2175032200161
353541.00927963,6548602.44235532,656,658,329,73.3633213471672
353541.00927963,6548602.44235532,656,844,423,312.098902845734
353614.19869664,6548607.49073694,658,656,329,73.3633213471672
353614.19869664,6548607.49073694,658,660,330,70.7729312708374
353614.19869664,6548607.49073694,658,848,425,311.540601228509
353684.80311123,6548612.37176560,660,658,330,70.7729312708374
353684.80311123,6548612.37176560,660,670,335,148.5798082903
353684.80311123,6548612.37176560,660,700,350,74.1042918028604
352660.48307090,6548612.74670689,661,645,331,262.365326596101
352660.48307090,6548612.74670689,661,629,332,70.9643588668897
352660.48307090,6548612.74670689,661,675,338,289.864884858828
352660.48307090,6548612.74670689,661,682,342,30.3171369666009
351834.44098329,6548570.53978726,665,666,333,564.583814402239
351834.44098329,6548570.53978726,665,726,364,155.313142441348
352396.85600361,6548619.97892561,666,665,333,564.583814402239
352396.85600361,6548619.97892561,666,645,334,28.9433783272894
352396.85600361,6548619.97892561,666,682,341,262.227766290495
352396.85600361,6548619.97892561,666,687,344,37.0405898117831
353833.02929771,6548622.61662156,670,660,335,148.5798082903
353833.02929771,6548622.61662156,670,672,336,134.062357620333
353833.02929771,6548622.61662156,670,717,360,75.8650646637444
353966.72878817,6548632.47369921,672,670,336,134.062357620333
353966.72878817,6548632.47369921,672,634,337,72.6854061527759
353966.72878817,6548632.47369921,672,680,340,119.417425100976
352949.48829958,6548635.05431256,675,661,338,289.864884858828
352949.48829958,6548635.05431256,675,637,339,69.2136261346158
352949.48829958,6548635.05431256,675,696,349,43.8384093397072
354085.81222613,6548641.39873263,680,672,340,119.417425100976
354085.81222613,6548641.39873263,680,686,345,156.410801145515
354085.81222613,6548641.39873263,680,743,373,77.5783534998743
352658.07412030,6548642.96798666,682,666,341,262.227766290495
352658.07412030,6548642.96798666,682,661,342,30.3171369666009
352658.07412030,6548642.96798666,682,692,347,34.3999587034122
352658.07412030,6548642.96798666,682,696,348,290.548290817994
354239.82169473,6548656.28737799,686,642,343,74.4773408706249
354239.82169473,6548656.28737799,686,680,345,156.410801145515
354239.82169473,6548656.28737799,686,753,378,75.2007503303852
354239.82169473,6548656.28737799,686,784,392,1176.61341517603
352394.06477269,6548656.91419769,687,666,344,37.0405898117831
352394.06477269,6548656.91419769,687,692,346,262.065609271625
352394.06477269,6548656.91419769,687,747,374,66.8430550895336
352655.33947382,6548677.25907687,692,687,346,262.065609271625
352655.33947382,6548677.25907687,692,682,347,34.3999587034122
352655.33947382,6548677.25907687,692,710,355,221.54313380192
352655.33947382,6548677.25907687,692,758,380,68.5642590939151
352945.95227384,6548678.74988048,696,682,348,290.548290817994
352945.95227384,6548678.74988048,696,675,349,43.8384093397072
352945.95227384,6548678.74988048,696,702,351,72.0585202180762
352945.95227384,6548678.74988048,696,768,385,91.5642572998893
353679.28332871,6548686.27019634,700,660,350,74.1042918028604
353679.28332871,6548686.27019634,700,717,359,148.569073216564
353679.28332871,6548686.27019634,700,762,381,71.9977981384209
353017.39841815,6548687.14195349,702,696,351,72.0585202180762
353017.39841815,6548687.14195349,702,429,352,585.337773206595
353017.39841815,6548687.14195349,702,706,353,48.0439251522199
353065.31056113,6548690.69797639,706,702,353,48.0439251522199
353065.31056113,6548690.69797639,706,437,354,587.437735429388
353065.31056113,6548690.69797639,706,712,356,72.1525237130368
353065.31056113,6548690.69797639,706,749,376,35.9338933505598
352876.21307442,6548694.46990756,710,692,355,221.54313380192
353137.26498538,6548696.04096339,712,706,356,72.1525237130368
353137.26498538,6548696.04096339,712,714,357,10.4115501274302
353137.26498538,6548696.04096339,712,876,439,243.717761827513
353147.64786318,6548696.81311915,714,712,357,10.4115501274302
353147.64786318,6548696.81311915,714,445,358,583.879700021831
353147.64786318,6548696.81311915,714,722,361,59.1881255823806
353827.36699497,6548698.27008390,717,700,359,148.569073216564
353827.36699497,6548698.27008390,717,670,360,75.8650646637444
353827.36699497,6548698.27008390,717,743,372,253.298392254296
353827.36699497,6548698.27008390,717,763,383,70.8996009721117
353206.67370663,6548701.19307527,722,714,361,59.1881255823806
353206.67370663,6548701.19307527,722,453,362,584.454895433926
353206.67370663,6548701.19307527,722,730,365,69.9396718995825
353206.67370663,6548701.19307527,722,884,443,243.679738872301
351782.12947207,6548704.60543662,725,726,363,8.75002876192124
351782.12947207,6548704.60543662,725,733,367,3.52261935214598
351790.86887661,6548705.03627629,726,725,363,8.75002876192124
351790.86887661,6548705.03627629,726,665,364,155.313142441348
351790.86887661,6548705.03627629,726,902,452,257.939617978062
353276.42175002,6548706.36686960,730,722,365,69.9396718995825
353276.42175002,6548706.36686960,730,465,366,583.338802664901
353276.42175002,6548706.36686960,730,736,368,71.2627102138451
353276.42175002,6548706.36686960,730,888,445,243.650943245032
351781.75973753,6548708.10859855,733,725,367,3.52261935214598
353347.48854399,6548711.64746261,736,730,368,71.2627102138451
353347.48854399,6548711.64746261,736,469,369,582.671173219861
353347.48854399,6548711.64746261,736,740,370,44.1745010311328
353347.48854399,6548711.64746261,736,892,447,243.617323731804
353391.54161390,6548714.92062204,740,736,370,44.1745010311328
353391.54161390,6548714.92062204,740,647,371,122.516209004301
353391.54161390,6548714.92062204,740,829,415,190.655875628327
354079.83637619,6548718.74658424,743,717,372,253.298392254296
354079.83637619,6548718.74658424,743,680,373,77.5783534998743
354079.83637619,6548718.74658424,743,753,377,152.940725633859
354079.83637619,6548718.74658424,743,771,387,69.0169802091035
352388.34001149,6548723.51165352,747,687,374,66.8430550895336
352388.34001149,6548723.51165352,747,758,379,262.481657652523
352388.34001149,6548723.51165352,747,781,391,71.961807752123
353062.56823484,6548726.52707504,749,750,375,110.734993143701
353062.56823484,6548726.52707504,749,706,376,35.9338933505598
353062.56823484,6548726.52707504,749,791,397,73.2360858996468
352952.08724394,6548719.03111900,750,749,375,110.734993143701
354232.27667411,6548731.10866851,753,743,377,152.940725633859
354232.27667411,6548731.10866851,753,686,378,75.2007503303852
354232.27667411,6548731.10866851,753,787,395,67.8897409995575
352649.89008528,6548745.60643812,758,747,379,262.481657652523
352649.89008528,6548745.60643812,758,692,380,68.5642590939151
352649.89008528,6548745.60643812,758,768,384,288.588176895349
352649.89008528,6548745.60643812,758,796,399,72.130851446129
353673.91327457,6548758.06744876,762,700,381,71.9977981384209
353673.91327457,6548758.06744876,762,763,382,148.560442278551
353673.91327457,6548758.06744876,762,800,400,69.1277499706678
353822.07298914,6548768.97175942,763,762,382,148.560442278551
353822.07298914,6548768.97175942,763,717,383,70.8996009721117
353822.07298914,6548768.97175942,763,771,386,253.185544966604
353822.07298914,6548768.97175942,763,802,402,69.1504915091382
352937.45233409,6548769.91875806,768,758,384,288.588176895349
352937.45233409,6548769.91875806,768,696,385,91.5642572998893
352937.45233409,6548769.91875806,768,776,388,21.4027994303874
354074.57506030,6548787.56273142,771,763,386,253.185544966604
354074.57506030,6548787.56273142,771,743,387,69.0169802091035
354074.57506030,6548787.56273142,771,787,394,152.795951128787
354074.57506030,6548787.56273142,771,810,406,69.1791044604263
352935.46288103,6548791.22889414,776,768,388,21.4027994303874
352935.46288103,6548791.22889414,776,777,389,10.0846144173316
352935.46288103,6548791.22889414,776,806,404,50.9163093733075
352945.52423633,6548791.85679242,777,776,389,10.0846144173316
352945.52423633,6548791.85679242,777,791,396,111.716313744481
355350.97708251,6548794.75061736,779,419,390,1033.3637872724
355350.97708251,6548794.75061736,779,784,393,8.60040837199077
352382.17477322,6548795.20887531,781,747,391,71.961807752123
352382.17477322,6548795.20887531,781,796,398,262.931278770022
352382.17477322,6548795.20887531,781,813,407,70.8954759576636
355342.59159415,6548796.66127410,784,686,392,1176.61341517603
355342.59159415,6548796.66127410,784,779,393,8.60040837199077
355342.59159415,6548796.66127410,784,919,460,369.043105227384
354226.95798841,6548798.78974796,787,771,394,152.795951128787
354226.95798841,6548798.78974796,787,753,395,67.8897409995575
354226.95798841,6548798.78974796,787,816,409,69.2027255221865
353056.97539237,6548799.54929351,791,777,396,111.716313744481
353056.97539237,6548799.54929351,791,749,397,73.2360858996468
353056.97539237,6548799.54929351,791,819,411,71.4869663395822
352644.15865035,6548817.50922237,796,781,398,262.931278770022
352644.15865035,6548817.50922237,796,758,399,72.130851446129
352644.15865035,6548817.50922237,796,806,403,287.617326796364
352644.15865035,6548817.50922237,796,823,413,70.1232879579273
353668.76146873,6548827.00296002,800,762,400,69.1277499706678
353668.76146873,6548827.00296002,800,802,401,148.554597253416
353668.76146873,6548827.00296002,800,828,414,66.7400547961398
353816.91368358,6548837.92951491,802,800,401,148.554597253416
353816.91368358,6548837.92951491,802,763,402,69.1504915091382
353816.91368358,6548837.92951491,802,810,405,253.028354989278
353816.91368358,6548837.92951491,802,832,417,68.7026258354109
352930.73773744,6548841.92547764,806,796,403,287.617326796364
352930.73773744,6548841.92547764,806,776,404,50.9163093733075
352930.73773744,6548841.92547764,806,839,421,69.2740649463562
352930.73773744,6548841.92547764,806,996470,421,69.2740649463562
354069.25691331,6548856.53711657,810,802,405,253.028354989278
354069.25691331,6548856.53711657,810,771,406,69.1791044604263
354069.25691331,6548856.53711657,810,816,408,152.686153138649
354069.25691331,6548856.53711657,810,858,430,71.3641928645002
352376.10099386,6548865.84369474,813,781,407,70.8954759576636
352376.10099386,6548865.84369474,813,823,412,263.369494677192
352376.10099386,6548865.84369474,813,873,437,71.018461271866
354221.52863674,6548867.77916280,816,810,408,152.686153138649
354221.52863674,6548867.77916280,816,787,409,69.2027255221865
354221.52863674,6548867.77916280,816,932,467,140.602361780716
353051.51692782,6548870.82756174,819,820,410,114.196605775522
353051.51692782,6548870.82756174,819,791,411,71.4869663395822
353051.51692782,6548870.82756174,819,864,432,63.1007387894122
352937.71403354,6548861.35306841,820,819,410,114.196605775522
352937.71403354,6548861.35306841,820,996470,498235,8.74827442463539
352638.58595302,6548887.41072850,823,813,412,263.369494677192
352638.58595302,6548887.41072850,823,796,413,70.1232879579273
352638.58595302,6548887.41072850,823,839,420,286.686996784333
352638.58595302,6548887.41072850,823,896,449,69.1917339823834
353663.78882993,6548893.55750740,828,800,414,66.7400547961398
353663.78882993,6548893.55750740,828,832,416,148.554376936239
353663.78882993,6548893.55750740,828,854,428,28.9868494461467
353376.31554098,6548904.96753629,829,740,415,190.655875628327
353376.31554098,6548904.96753629,829,836,418,67.5414213928624
353376.31554098,6548904.96753629,829,1061,531,360.057823545389
353811.78354490,6548906.44033503,832,828,416,148.554376936239
353811.78354490,6548906.44033503,832,802,417,68.7026258354109
353811.78354490,6548906.44033503,832,858,429,252.238860795404
353811.78354490,6548906.44033503,832,910,456,70.7765449507509
353443.72925981,6548909.11893579,836,829,418,67.5414213928624
353443.72925981,6548909.11893579,836,654,419,312.65671497523
353443.72925981,6548909.11893579,836,844,422,75.0899889181595
353443.72925981,6548909.11893579,836,1069,536,361.981518338438
352924.30900090,6548910.90059935,839,823,420,286.686996784333
352924.30900090,6548910.90059935,839,806,421,69.2740649463562
352924.30900090,6548910.90059935,839,996470,421,69.2740649463562
352924.30900090,6548910.90059935,839,914,458,67.2366001362206
352924.30900090,6548910.90059935,839,996473,458,67.2366001362206
353518.67684722,6548913.74122718,844,836,422,75.0899889181595
353518.67684722,6548913.74122718,844,656,423,312.098902845734
353518.67684722,6548913.74122718,844,848,424,72.1448966401852
353518.67684722,6548913.74122718,844,1077,540,364.115937024479
353590.68734259,6548918.14289361,848,844,424,72.1448966401852
353590.68734259,6548918.14289361,848,658,425,311.540601228509
353590.68734259,6548918.14289361,848,854,427,71.0763655524233
353590.68734259,6548918.14289361,848,1085,544,366.271050277363
396768.29092810,6548920.61193202,851,852,426,93.3884734378312
396768.29092810,6548920.61193202,851,980,498236,9.10265851029646
396728.17572803,6548836.27820393,852,851,426,93.3884734378312
396728.17572803,6548836.27820393,852,960,480,383.867921288547
353661.63223386,6548922.46402110,854,848,427,71.0763655524233
353661.63223386,6548922.46402110,854,828,428,28.9868494461467
353661.63223386,6548922.46402110,854,906,453,43.223140172105
354063.13013697,6548927.63782426,858,832,429,252.238860795404
354063.13013697,6548927.63782426,858,810,430,71.3641928645002
354063.13013697,6548927.63782426,858,868,434,140.639394527433
354063.13013697,6548927.63782426,858,922,462,68.2929755593024
352932.01401592,6548931.96098723,861,862,431,20.3623365389634
352932.01401592,6548931.96098723,861,996473,498237,9.03710148598787
352952.32630072,6548933.38781437,862,861,431,20.3623365389634
352952.32630072,6548933.38781437,862,866,433,12.2713217247285
352952.32630072,6548933.38781437,862,870,435,2.11676183306465
353046.69674889,6548933.74392774,864,819,432,63.1007387894122
353046.69674889,6548933.74392774,864,876,438,72.3976515250152
353046.69674889,6548933.74392774,864,880,441,6.28950049005038
352964.56692237,6548934.25529253,866,862,433,12.2713217247285
352964.56692237,6548934.25529253,866,872,436,2.1348004328705
352964.56692237,6548934.25529253,866,880,440,81.8556988618042
354203.55414934,6548935.41831545,868,858,434,140.639394527433
352952.09705321,6548935.49212571,870,862,435,2.11676183306465
352964.47081995,6548936.38792874,872,866,436,2.1348004328705
352370.02080941,6548936.60140243,873,813,437,71.018461271866
352370.02080941,6548936.60140243,873,896,448,263.814644293993
352370.02080941,6548936.60140243,873,929,465,71.1318171534272
353118.89854055,6548939.06569698,876,864,438,72.3976515250152
353118.89854055,6548939.06569698,876,712,439,243.717761827513
353118.89854055,6548939.06569698,876,884,442,69.1463441871442
353118.89854055,6548939.06569698,876,1040,521,314.490425145687
353046.21970935,6548940.01531114,880,866,440,81.8556988618042
353046.21970935,6548940.01531114,880,864,441,6.28950049005038
353046.21970935,6548940.01531114,880,926,464,67.5630095069368
353187.85805395,6548944.14530586,884,876,442,69.1463441871442
353187.85805395,6548944.14530586,884,722,443,243.679738872301
353187.85805395,6548944.14530586,884,888,444,69.7010202499058
353187.85805395,6548944.14530586,884,1052,527,314.713535325863
353257.37028946,6548949.27183866,888,884,444,69.7010202499058
353257.37028946,6548949.27183866,888,730,445,243.650943245032
353257.37028946,6548949.27183866,888,892,446,71.1620596062703
353257.37028946,6548949.27183866,888,1058,530,314.929007422488
353328.33922479,6548954.51101277,892,888,446,71.1620596062703
353328.33922479,6548954.51101277,892,736,447,243.617323731804
353328.33922479,6548954.51101277,892,1066,534,315.15212467637
352633.09268763,6548956.38405731,896,873,448,263.814644293993
352633.09268763,6548956.38405731,896,823,449,69.1917339823834
352633.09268763,6548956.38405731,896,914,457,287.728045561627
352633.09268763,6548956.38405731,896,936,469,70.7963653765546
351762.51703686,6548958.33428547,899,900,450,3.5810517546146
351762.12658646,6548961.89398772,900,899,450,3.5810517546146
351762.12658646,6548961.89398772,900,902,451,9.94541529990382
351772.06413277,6548962.28951365,902,900,451,9.94541529990382
351772.06413277,6548962.28951365,902,726,452,257.939617978062
351772.06413277,6548962.28951365,902,967,484,128.323104415721
353658.41058685,6548965.56693094,906,854,453,43.223140172105
353658.41058685,6548965.56693094,906,910,455,148.528832128998
353658.41058685,6548965.56693094,906,942,471,77.7593305582991
355712.61269280,6548971.83495292,907,908,454,49.6458214093264
355712.61269280,6548971.83495292,907,918,459,100.492641116058
355712.61269280,6548971.83495292,907,939,470,208.646789241698
355742.85681607,6548932.46490605,908,907,454,49.6458214093264
353806.49724998,6548977.01918739,910,906,455,148.528832128998
353806.49724998,6548977.01918739,910,832,456,70.7765449507509
353806.49724998,6548977.01918739,910,922,461,255.237151683811
353806.49724998,6548977.01918739,910,948,475,77.2658678840046
352920.00766110,6548977.99947320,914,896,457,287.728045561627
352920.00766110,6548977.99947320,914,839,458,67.2366001362206
352920.00766110,6548977.99947320,914,996473,458,67.2366001362206
352920.00766110,6548977.99947320,914,944,473,70.4505040172164
352920.00766110,6548977.99947320,914,996475,473,70.4505040172164
355787.88248744,6548935.98504908,918,907,459,100.492641116058
355509.88252661,6548983.76018728,919,784,460,369.043105227384
354061.03520215,6548995.89866046,922,910,461,255.237151683811
354061.03520215,6548995.89866046,922,858,462,68.2929755593024
354061.03520215,6548995.89866046,922,932,466,149.957132403109
354061.03520215,6548995.89866046,922,956,479,77.3031640556102
352927.67648877,6548999.01665414,925,926,463,113.691174771023
352927.67648877,6548999.01665414,925,996475,498238,9.00542012944474
353041.05956202,6549007.38097845,926,925,463,113.691174771023
353041.05956202,6549007.38097845,926,880,464,67.5630095069368
353041.05956202,6549007.38097845,926,964,483,70.9707307024179
352363.92232556,6549007.47131076,929,873,465,71.1318171534272
352363.92232556,6549007.47131076,929,936,468,264.26307270598
352363.92232556,6549007.47131076,929,961,481,70.3114795844734
354210.50738420,6549007.94890322,932,922,466,149.957132403109
354210.50738420,6549007.94890322,932,816,467,140.602361780716
354210.50738420,6549007.94890322,932,970,486,71.9835586652693
352627.46605988,6549026.95647692,936,929,468,264.26307270598
352627.46605988,6549026.95647692,936,896,469,70.7963653765546
352627.46605988,6549026.95647692,936,944,472,288.820810212127
352627.46605988,6549026.95647692,936,974,488,70.369971275
355530.89521256,6548997.42354339,939,907,470,208.646789241698
353652.61259104,6549043.10980124,942,906,471,77.7593305582991
353652.61259104,6549043.10980124,942,948,474,148.527290142045
353652.61259104,6549043.10980124,942,978,489,66.538236459138
352915.49675845,6549048.30541344,944,936,472,288.820810212127
352915.49675845,6549048.30541344,944,914,473,70.4505040172164
352915.49675845,6549048.30541344,944,996475,473,70.4505040172164
352915.49675845,6549048.30541344,944,952,476,20.1098046194029
353800.73494740,6549054.06988634,948,942,474,148.527290142045
353800.73494740,6549054.06988634,948,910,475,77.2658678840046
353800.73494740,6549054.06988634,948,956,478,258.163296117765
353800.73494740,6549054.06988634,948,986,494,64.9700508001585
352914.20642888,6549068.37377888,952,944,476,20.1098046194029
352914.20642888,6549068.37377888,952,954,477,9.84227252448759
352914.20642888,6549068.37377888,952,982,492,50.3296141234279
352924.02669964,6549069.02199147,954,952,477,9.84227252448759
352924.02669964,6549069.02199147,954,964,482,111.990950394239
354058.19223452,6549073.14952912,956,948,478,258.163296117765
354058.19223452,6549073.14952912,956,922,479,77.3031640556102
354058.19223452,6549073.14952912,956,970,485,146.817461587273
354058.19223452,6549073.14952912,956,990,496,65.9026677367827
396431.20954358,6549075.67018726,960,852,480,383.867921288547
352357.90178655,6549077.52455673,961,929,481,70.3114795844734
352357.90178655,6549077.52455673,961,974,487,264.698416029374
352357.90178655,6549077.52455673,961,997,500,69.0993364751185
353035.64545069,6549078.14489592,964,954,482,111.990950394239
353035.64545069,6549078.14489592,964,926,483,70.9707307024179
353035.64545069,6549078.14489592,964,1002,502,69.5588137163582
351807.91650143,6549078.57521087,967,902,484,128.323104415721
351807.91650143,6549078.57521087,967,997,499,553.397707441899
354204.86301004,6549079.71082738,970,956,485,146.817461587273
354204.86301004,6549079.71082738,970,932,486,71.9835586652693
354204.86301004,6549079.71082738,970,1107,554,279.60673934811
352621.87507534,6549097.10399113,974,961,487,264.698416029374
352621.87507534,6549097.10399113,974,936,488,70.369971275
352621.87507534,6549097.10399113,974,982,491,289.908688510096
352621.87507534,6549097.10399113,974,1007,505,71.7382753076916
353647.65612408,6549109.46317603,978,942,489,66.538236459138
353647.65612408,6549109.46317603,978,986,493,148.524059359312
353647.65612408,6549109.46317603,978,1012,506,66.3364346885653
396894.87739481,6549111.34915447,979,980,490,220.066569245042
396894.87739481,6549111.34915447,979,1127,564,2641.50310280942
396894.87739481,6549111.34915447,979,1730,866,3318.1286510208
396772.13338894,6548928.86383402,980,979,490,220.066569245042
396772.13338894,6548928.86383402,980,851,498236,9.10265851029646
352910.98571008,6549118.60023633,982,974,491,289.908688510096
352910.98571008,6549118.60023633,982,952,492,50.3296141234279
352910.98571008,6549118.60023633,982,994,497,21.284907472442
353795.88272172,6549118.85849188,986,978,493,148.524059359312
353795.88272172,6549118.85849188,986,948,494,64.9700508001585
353795.88272172,6549118.85849188,986,990,495,256.455835911089
353795.88272172,6549118.85849188,986,1014,508,66.9762742722375
354051.56842103,6549138.71847535,990,986,495,256.455835911089
354051.56842103,6549138.71847535,990,956,496,65.9026677367827
354051.56842103,6549138.71847535,990,1006,503,151.881531938635
352909.62569567,6549139.84164982,994,982,497,21.284907472442
352909.62569567,6549139.84164982,994,996,498,11.2188184960061
352909.62569567,6549139.84164982,994,1017,510,46.668406372769
352920.82790266,6549140.44789908,996,994,498,11.2188184960061
352920.82790266,6549140.44789908,996,1002,501,109.731591533661
352351.98428969,6549146.37004702,997,967,499,553.397707441899
352351.98428969,6549146.37004702,997,961,500,69.0993364751185
352351.98428969,6549146.37004702,997,1007,504,265.12676993081
352351.98428969,6549146.37004702,997,1025,513,68.5204713565948
353030.33261827,6549147.50051845,1002,996,501,109.731591533661
353030.33261827,6549147.50051845,1002,964,502,69.5588137163582
353030.33261827,6549147.50051845,1002,1028,515,70.8144915509221
354203.17485671,6549147.85567421,1006,990,503,151.881531938635
352616.17615542,6549168.61554583,1007,997,504,265.12676993081
352616.17615542,6549168.61554583,1007,974,505,71.7382753076916
352616.17615542,6549168.61554583,1007,1017,509,291.006667794469
352616.17615542,6549168.61554583,1007,1032,517,65.9174028930642
353642.71520552,6549175.61534826,1012,978,506,66.3364346885653
353642.71520552,6549175.61534826,1012,1014,507,148.507313830963
353642.71520552,6549175.61534826,1012,1036,518,68.7130460166273
353790.88325177,6549185.64791181,1014,1012,507,148.507313830963
353790.88325177,6549185.64791181,1014,986,508,66.9762742722375
353790.88325177,6549185.64791181,1014,1022,511,135.224031302601
353790.88325177,6549185.64791181,1014,1044,523,70.1594155994873
352906.63800188,6549186.41432249,1017,1007,509,291.006667794469
352906.63800188,6549186.41432249,1017,994,510,46.668406372769
352906.63800188,6549186.41432249,1017,1024,512,20.7920833296817
353925.79882858,6549194.77620718,1022,1014,511,135.224031302601
352905.10360670,6549207.14971157,1024,1017,512,20.7920833296817
352905.10360670,6549207.14971157,1024,1028,514,120.321086587785
352905.10360670,6549207.14971157,1024,1048,525,48.9256125536742
352346.34993573,6549214.65847247,1025,997,513,68.5204713565948
352346.34993573,6549214.65847247,1025,1032,516,265.317329060192
352346.34993573,6549214.65847247,1025,1089,545,71.179678881514
353024.92462002,6549218.10820762,1028,1024,514,120.321086587785
353024.92462002,6549218.10820762,1028,1002,515,70.8144915509221
353024.92462002,6549218.10820762,1028,1038,519,29.0721728454606
352610.93741572,6549234.32444637,1032,1025,516,265.317329060192
352610.93741572,6549234.32444637,1032,1007,517,65.9174028930642
352610.93741572,6549234.32444637,1032,1048,524,291.36083761714
352610.93741572,6549234.32444637,1032,1103,553,71.2897506674298
353637.59531565,6549244.13738428,1036,1012,518,68.7130460166273
353637.59531565,6549244.13738428,1036,1044,522,148.498000280202
353637.59531565,6549244.13738428,1036,1099,551,43.9072632845001
353022.70741148,6549247.09570872,1038,1028,519,29.0721728454606
353022.70741148,6549247.09570872,1038,1040,520,72.7058531845003
353022.70741148,6549247.09570872,1038,1095,549,39.3378449491137
353095.19988145,6549252.66193590,1040,1038,520,72.7058531845003
353095.19988145,6549252.66193590,1040,876,521,314.490425145687
353095.19988145,6549252.66193590,1040,1052,526,68.5656107752325
353095.19988145,6549252.66193590,1040,1144,573,178.831349418841
353785.64933687,6549255.61182917,1044,1036,522,148.498000280202
353785.64933687,6549255.61182917,1044,1014,523,70.1594155994873
353785.64933687,6549255.61182917,1044,1056,528,79.7608465355239
352901.49518241,6549255.94207612,1048,1032,524,291.36083761714
352901.49518241,6549255.94207612,1048,1024,525,48.9256125536742
352901.49518241,6549255.94207612,1048,1082,541,24.076138481528
353163.56360418,6549257.91972966,1052,1040,526,68.5656107752325
353163.56360418,6549257.91972966,1052,884,527,314.713535325863
353163.56360418,6549257.91972966,1052,1058,529,69.3849760715548
353163.56360418,6549257.91972966,1052,1148,575,179.631648157938
353865.17200857,6549261.77115750,1056,1044,528,79.7608465355239
353865.17200857,6549261.77115750,1056,1110,555,114.029363893062
353232.74457045,6549263.23657184,1058,1052,529,69.3849760715548
353232.74457045,6549263.23657184,1058,888,530,314.929007422488
353232.74457045,6549263.23657184,1058,1066,533,70.9738408237768
353232.74457045,6549263.23657184,1058,1152,577,180.448317839064
353347.55636001,6549263.87496977,1061,829,531,360.057823545389
353347.55636001,6549263.87496977,1061,1063,532,52.7165823411691
353347.55636001,6549263.87496977,1061,1074,538,8.16822013292969
353400.06309045,6549268.57404541,1063,1061,532,52.7165823411691
353400.06309045,6549268.57404541,1063,1069,535,17.9951382619561
353400.06309045,6549268.57404541,1063,1093,547,17.712723920807
353303.50909191,6549268.68345935,1066,1058,533,70.9738408237768
353303.50909191,6549268.68345935,1066,892,534,315.15212467637
353303.50909191,6549268.68345935,1066,1074,537,43.5975389270988
353303.50909191,6549268.68345935,1066,1158,580,181.274971254606
353417.98607488,6549270.18389954,1069,1063,535,17.9951382619561
353417.98607488,6549270.18389954,1069,836,536,361.981518338438
353417.98607488,6549270.18389954,1069,1077,539,74.9407338179703
353417.98607488,6549270.18389954,1069,1164,582,215.50829956108
353346.97855918,6549272.02272813,1074,1066,537,43.5975389270988
353346.97855918,6549272.02272813,1074,1061,538,8.16822013292969
353346.97855918,6549272.02272813,1074,1239,621,337.852256739301
353492.62310751,6549276.92385100,1077,1069,539,74.9407338179703
353492.62310751,6549276.92385100,1077,844,540,364.115937024479
353492.62310751,6549276.92385100,1077,1083,542,35.7028274096209
353492.62310751,6549276.92385100,1077,1166,584,213.109097206187
352899.71926893,6549279.95262746,1082,1048,541,24.076138481528
352899.71926893,6549279.95262746,1082,1095,548,120.605844021987
352899.71926893,6549279.95262746,1082,1111,557,46.3810355510507
353528.17732953,6549280.17795323,1083,1077,542,35.7028274096209
353528.17732953,6549280.17795323,1083,1085,543,35.0142739076424
353528.17732953,6549280.17795323,1083,1170,586,211.962442750896
353563.04585100,6549283.36944003,1085,1083,543,35.0142739076424
353563.04585100,6549283.36944003,1085,848,544,366.271050277363
353563.04585100,6549283.36944003,1085,1091,546,39.1471108273014
352340.49658485,6549285.59707246,1089,1025,545,71.179678881514
352340.49658485,6549285.59707246,1089,1103,552,265.515682079829
352340.49658485,6549285.59707246,1089,1121,561,85.5248511414608
353602.11329534,6549285.86565293,1091,1085,546,39.1471108273014
353602.11329534,6549285.86565293,1091,1099,550,32.2725351450066
353602.11329534,6549285.86565293,1091,1174,588,210.696462888074
353398.28638761,6549286.19743099,1093,1063,547,17.712723920807
353020.15528689,6549286.35067917,1095,1082,548,120.605844021987
353020.15528689,6549286.35067917,1095,1038,549,39.3378449491137
353020.15528689,6549286.35067917,1095,1118,560,71.0033411075043
353634.32022936,6549287.92233123,1099,1091,550,32.2725351450066
353634.32022936,6549287.92233123,1099,1036,551,43.9072632845001
352605.27359088,6549305.38885123,1103,1089,552,265.515682079829
352605.27359088,6549305.38885123,1103,1032,553,71.2897506674298
352605.27359088,6549305.38885123,1103,1111,556,291.770719955997
352605.27359088,6549305.38885123,1103,1124,563,83.0779528327599
354353.41097460,6549314.17766845,1107,970,554,279.60673934811
353959.75288343,6549317.72721946,1110,1056,555,114.029363893062
353959.75288343,6549317.72721946,1110,1138,569,186.500561765961
353959.75288343,6549317.72721946,1110,1161,589,407.976836291777
352896.30062885,6549326.20750135,1111,1103,556,291.770719955997
352896.30062885,6549326.20750135,1111,1082,557,46.3810355510507
352896.30062885,6549326.20750135,1111,1116,558,22.6095220532785
352894.61784877,6549348.75431351,1116,1111,558,22.6095220532785
352894.61784877,6549348.75431351,1116,1118,559,121.243971745068
352894.61784877,6549348.75431351,1116,1134,568,65.4063755286923
353015.56691349,6549357.20561039,1118,1116,559,121.243971745068
353015.56691349,6549357.20561039,1118,1095,560,71.0033411075043
353015.56691349,6549357.20561039,1118,1140,571,67.6774572015767
352334.07732061,6549370.88067704,1121,1089,561,85.5248511414608
352334.07732061,6549370.88067704,1121,1124,562,265.162322048157
352334.07732061,6549370.88067704,1121,1179,590,146.036422631041
352598.67314996,6549388.20419055,1124,1121,562,265.162322048157
352598.67314996,6549388.20419055,1124,1103,563,83.0779528327599
352598.67314996,6549388.20419055,1124,1131,566,19.3911036268059
352598.67314996,6549388.20419055,1124,1134,567,292.224067969171
399367.03418117,6549391.32073565,1127,979,564,2641.50310280942
399367.03418117,6549391.32073565,1127,1130,565,146.54622575775
399367.03418117,6549391.32073565,1127,1155,578,422.937323387667
399367.03418117,6549391.32073565,1127,2305,1153,2931.45124911874
399460.78942308,6549278.68969685,1130,1127,565,146.54622575775
352583.11803630,6549399.78233111,1131,1124,566,19.3911036268059
352583.11803630,6549399.78233111,1131,1193,598,137.253623143032
352889.75822064,6549413.97990645,1134,1124,567,292.224067969171
352889.75822064,6549413.97990645,1134,1116,568,65.4063755286923
352889.75822064,6549413.97990645,1134,1140,570,121.913576352537
354103.02105082,6549423.39177163,1138,1110,569,186.500561765961
353011.19586918,6549424.74176504,1140,1134,570,121.913576352537
353011.19586918,6549424.74176504,1140,1118,571,67.6774572015767
353011.19586918,6549424.74176504,1140,1144,572,70.8044923917374
353081.72458542,6549430.98486749,1144,1140,572,70.8044923917374
353081.72458542,6549430.98486749,1144,1040,573,178.831349418841
353081.72458542,6549430.98486749,1144,1148,574,68.2381312348422
353081.72458542,6549430.98486749,1144,1221,612,146.25313904357
353149.69573259,6549437.01526605,1148,1144,574,68.2381312348422
353149.69573259,6549437.01526605,1148,1052,575,179.631648157938
353149.69573259,6549437.01526605,1148,1152,576,69.2095189062491
353149.69573259,6549437.01526605,1148,1225,614,146.104948557276
353218.63439044,6549443.13237009,1152,1148,576,69.2095189062491
353218.63439044,6549443.13237009,1152,1058,577,180.448317839064
353218.63439044,6549443.13237009,1152,1158,579,71.683052107929
353218.63439044,6549443.13237009,1152,1229,616,144.663380847221
399786.50002741,6549445.39830359,1155,1127,578,422.937323387667
353290.03786812,6549449.45718900,1158,1152,579,71.683052107929
353290.03786812,6549449.45718900,1158,1066,580,181.274971254606
353290.03786812,6549449.45718900,1158,1233,618,145.947123767102
354243.42457892,6549452.37351000,1161,1162,581,27.8741917287406
354243.42457892,6549452.37351000,1161,1110,589,407.976836291777
354243.42457892,6549452.37351000,1161,1246,623,210.124046051748
354264.11586263,6549433.69621515,1162,1161,581,27.8741917287406
353402.66117712,6549485.14662814,1164,1069,582,215.50829956108
353402.66117712,6549485.14662814,1164,1166,583,74.8392708599697
353402.66117712,6549485.14662814,1164,1238,619,121.407921134021
353477.37449715,6549489.48670569,1166,1164,583,74.8392708599697
353477.37449715,6549489.48670569,1166,1077,584,213.109097206187
353477.37449715,6549489.48670569,1166,1170,585,33.4973547978576
353510.81554339,6549491.42814973,1170,1166,585,33.4973547978576
353510.81554339,6549491.42814973,1170,1083,586,211.962442750896
353510.81554339,6549491.42814973,1170,1174,587,70.4357405353211
353581.13262478,6549495.51490988,1174,1170,587,70.4357405353211
353581.13262478,6549495.51490988,1174,1091,588,210.696462888074
352321.46116734,6549516.37112143,1179,1121,590,146.036422631041
352321.46116734,6549516.37112143,1179,1181,591,78.1835838456289
352321.46116734,6549516.37112143,1179,1247,624,214.54668603989
352399.39217720,6549522.65049116,1181,1179,591,78.1835838456289
352399.39217720,6549522.65049116,1181,1183,592,139.430430431331
352399.39217720,6549522.65049116,1181,1185,593,69.6097941734712
352399.39217720,6549522.65049116,1181,1251,627,212.740159494096
352410.10198657,6549383.63198551,1183,1181,592,139.430430431331
352468.77667415,6549528.24647438,1185,1181,593,69.6097941734712
352468.77667415,6549528.24647438,1185,1187,594,140.360731539154
352468.77667415,6549528.24647438,1185,1189,595,68.6679172253045
352468.77667415,6549528.24647438,1185,1255,629,213.115581602323
352479.84446938,6549388.32278494,1187,1185,594,140.360731539154
352537.22220802,6549533.76840788,1189,1185,595,68.6679172253045
352537.22220802,6549533.76840788,1189,1192,596,140.762053581222
352537.22220802,6549533.76840788,1189,1193,597,32.8801370358479
352537.22220802,6549533.76840788,1189,1261,632,213.459111495114
352547.91987251,6549393.41344465,1192,1189,596,140.762053581222
352569.99627959,6549536.40727966,1193,1189,597,32.8801370358479
352569.99627959,6549536.40727966,1193,1131,598,137.253623143032
352569.99627959,6549536.40727966,1193,1197,599,80.8472252862558
352569.99627959,6549536.40727966,1193,1265,634,213.699643312159
352650.58134543,6549542.91273893,1197,1193,599,80.8472252862558
352650.58134543,6549542.91273893,1197,1199,600,138.351235138934
352650.58134543,6549542.91273893,1197,1201,601,70.4926165731738
352650.58134543,6549542.91273893,1197,1271,637,214.025196273946
352661.67011774,6549405.00659914,1199,1197,600,138.351235138934
352720.84580786,6549548.57968788,1201,1197,601,70.4926165731738
352720.84580786,6549548.57968788,1201,1203,602,139.566341759435
352720.84580786,6549548.57968788,1201,1205,603,71.798299919453
352720.84580786,6549548.57968788,1201,1275,639,214.401831874333
352733.75636265,6549409.61177314,1203,1201,602,139.566341759435
352792.41154060,6549554.35392103,1205,1201,603,71.798299919453
352792.41154060,6549554.35392103,1205,1207,604,137.628125313467
352792.41154060,6549554.35392103,1205,1209,605,68.967324707011
352792.41154060,6549554.35392103,1205,1279,641,214.772234449815
352801.92684929,6549417.05512359,1207,1205,604,137.628125313467
352861.15521961,6549559.90355830,1209,1205,605,68.967324707011
352861.15521961,6549559.90355830,1209,1211,606,135.93369205567
352861.15521961,6549559.90355830,1209,1213,607,68.1464055283522
352861.15521961,6549559.90355830,1209,1283,643,215.118760773542
352872.10303554,6549424.41144059,1211,1209,606,135.93369205567
352929.08077115,6549565.38553187,1213,1209,607,68.1464055283522
352929.08077115,6549565.38553187,1213,1215,608,136.242863283328
352929.08077115,6549565.38553187,1213,1217,609,72.9599054019423
352929.08077115,6549565.38553187,1213,1287,645,215.47749989964
352942.20808904,6549429.77656711,1215,1213,608,136.242863283328
353001.80346600,6549571.26409032,1217,1213,609,72.9599054019423
353001.80346600,6549571.26409032,1217,1219,610,111.998468060776
353001.80346600,6549571.26409032,1217,1221,611,69.1276451549216
353001.80346600,6549571.26409032,1217,1291,647,215.878042273649
353008.94199810,6549459.49335083,1219,1217,610,111.998468060776
353070.70728296,6549576.82244745,1221,1217,611,69.1276451549216
353070.70728296,6549576.82244745,1221,1144,612,146.25313904357
353070.70728296,6549576.82244745,1221,1225,613,67.9628128332135
353138.41683632,6549582.68421433,1225,1221,613,67.9628128332135
353138.41683632,6549582.68421433,1225,1148,614,146.104948557276
353138.41683632,6549582.68421433,1225,1229,615,69.0672574686382
353207.32610740,6549587.35309153,1229,1225,615,69.0672574686382
353207.32610740,6549587.35309153,1229,1152,616,144.663380847221
353207.32610740,6549587.35309153,1229,1233,617,72.2418165055841
353279.16222126,6549594.99853447,1233,1229,617,72.2418165055841
353279.16222126,6549594.99853447,1233,1158,618,145.947123767102
353279.16222126,6549594.99853447,1233,1239,620,45.1311773899695
353394.02587246,6549606.24706095,1238,1164,619,121.407921134021
353321.48288404,6549608.90343950,1239,1233,620,45.1311773899695
353321.48288404,6549608.90343950,1239,1074,621,337.852256739301
353321.48288404,6549608.90343950,1239,1244,622,35.389217592798
353311.11409027,6549642.73958640,1244,1239,622,35.389217592798
353311.11409027,6549642.73958640,1244,1297,498239,16.4525654567539
354186.18046018,6549653.40066611,1246,1161,623,210.124046051748
354186.18046018,6549653.40066611,1246,1250,625,95.7605040598884
354186.18046018,6549653.40066611,1246,1260,630,90.4939890092476
352307.29626587,6549730.44969593,1247,1179,624,214.54668603989
352307.29626587,6549730.44969593,1247,1251,626,75.8723823664143
352307.29626587,6549730.44969593,1247,1322,661,190.878180705692
354134.00942801,6549733.70121241,1250,1246,625,95.7605040598884
352383.04601670,6549734.76173202,1251,1247,626,75.8723823664143
352383.04601670,6549734.76173202,1251,1181,627,212.740159494096
352383.04601670,6549734.76173202,1251,1255,628,69.1783200844969
352383.04601670,6549734.76173202,1251,1326,664,192.242192232119
352451.96914556,6549740.69825268,1255,1251,628,69.1783200844969
352451.96914556,6549740.69825268,1255,1185,629,213.115581602323
352451.96914556,6549740.69825268,1255,1261,631,69.2778524044528
352451.96914556,6549740.69825268,1255,1332,667,191.503067285094
354191.62854529,6549743.37659144,1260,1246,630,90.4939890092476
352520.99432015,6549746.60977589,1261,1255,631,69.2778524044528
352520.99432015,6549746.60977589,1261,1189,632,213.459111495114
352520.99432015,6549746.60977589,1261,1265,633,24.7354721046879
352520.99432015,6549746.60977589,1261,1336,669,190.800029483854
352545.64009329,6549748.71440092,1265,1261,633,24.7354721046879
352545.64009329,6549748.71440092,1265,1193,634,213.699643312159
352545.64009329,6549748.71440092,1265,1269,635,21.3202425510016
352566.88221493,6549750.53786213,1269,1265,635,21.3202425510016
352566.88221493,6549750.53786213,1269,1271,636,65.38870390734
352566.88221493,6549750.53786213,1269,1340,671,190.346453348697
352632.03113983,6549756.13251877,1271,1269,636,65.38870390734
352632.03113983,6549756.13251877,1271,1197,637,214.025196273946
352632.03113983,6549756.13251877,1271,1275,638,71.7138702256077
352632.03113983,6549756.13251877,1271,1344,673,189.644569154095
352703.48127844,6549762.27718115,1275,1271,638,71.7138702256077
352703.48127844,6549762.27718115,1275,1201,639,214.401831874333
352703.48127844,6549762.27718115,1275,1279,640,68.7921832120287
352703.48127844,6549762.27718115,1275,1348,675,188.898100350823
352772.02179786,6549768.15609848,1279,1275,640,68.7921832120287
352772.02179786,6549768.15609848,1279,1205,641,214.772234449815
352772.02179786,6549768.15609848,1279,1283,642,70.9667951805206
352772.02179786,6549768.15609848,1279,1352,677,188.193662558717
352842.72804923,6549774.23162606,1283,1279,642,70.9667951805206
352842.72804923,6549774.23162606,1283,1209,643,215.118760773542
352842.72804923,6549774.23162606,1283,1287,644,68.9667480738919
352842.72804923,6549774.23162606,1283,1356,679,187.444410619901
352911.44126253,6549780.13981168,1287,1283,644,68.9667480738919
352911.44126253,6549780.13981168,1287,1213,645,215.47749989964
352911.44126253,6549780.13981168,1287,1291,646,68.6138349755358
352911.44126253,6549780.13981168,1287,1360,681,186.731597851888
352979.80282796,6549786.01813816,1291,1287,646,68.6138349755358
352979.80282796,6549786.01813816,1291,1217,647,215.878042273649
352979.80282796,6549786.01813816,1291,1295,648,235.473582574969
352979.80282796,6549786.01813816,1291,1364,683,186.022564321119
353214.33369824,6549807.06757943,1295,1291,648,235.473582574969
353214.33369824,6549807.06757943,1295,1297,649,174.589191741605
353214.33369824,6549807.06757943,1295,1300,650,72.8641421514896
353303.98973880,6549657.56964123,1297,1295,649,174.589191741605
353303.98973880,6549657.56964123,1297,1244,498239,16.4525654567539
353180.09954023,6549871.18995222,1300,1295,650,72.8641421514896
353180.09954023,6549871.18995222,1300,1302,651,59.4758163377969
353180.09954023,6549871.18995222,1300,1378,689,246.791065654869
353239.36373973,6549870.57794517,1302,1300,651,59.4758163377969
353239.36373973,6549870.57794517,1302,1304,652,72.541394210616
353239.36373973,6549870.57794517,1302,1387,695,236.889264113182
353311.70490899,6549875.96395522,1304,1302,652,72.541394210616
353311.70490899,6549875.96395522,1304,1306,653,67.7831758476808
353311.70490899,6549875.96395522,1304,1397,700,237.250660376951
353379.30172166,6549880.98688713,1306,1304,653,67.7831758476808
353379.30172166,6549880.98688713,1306,1308,654,69.9378715386742
353379.30172166,6549880.98688713,1306,1405,704,237.600766754653
353449.04614136,6549886.18513648,1308,1306,654,69.9378715386742
353449.04614136,6549886.18513648,1308,1310,655,71.8070011416438
353449.04614136,6549886.18513648,1308,1409,706,237.945652951539
353520.65514558,6549891.51391936,1310,1308,655,71.8070011416438
353520.65514558,6549891.51391936,1310,1312,656,70.5663435506613
353520.65514558,6549891.51391936,1310,1413,708,238.324190954994
353591.02639294,6549896.75761913,1312,1310,656,70.5663435506613
353591.02639294,6549896.75761913,1312,1314,657,75.0968855437945
353591.02639294,6549896.75761913,1312,1417,710,238.673918483644
353665.91614444,6549902.33142738,1314,1312,657,75.0968855437945
353665.91614444,6549902.33142738,1314,1316,658,77.6656896481615
353665.91614444,6549902.33142738,1314,1421,712,239.063908065036
353743.33281701,6549908.54577820,1316,1314,658,77.6656896481615
353743.33281701,6549908.54577820,1316,1318,659,69.2037632434305
353743.33281701,6549908.54577820,1316,1425,714,238.883335810848
353812.31398877,6549914.09183893,1318,1316,659,69.2037632434305
353812.31398877,6549914.09183893,1318,1320,660,70.0869263229077
353812.31398877,6549914.09183893,1318,1429,716,238.70150853056
353882.17571182,6549919.70582995,1320,1318,660,70.0869263229077
353882.17571182,6549919.70582995,1320,1324,662,69.3116603450707
353882.17571182,6549919.70582995,1320,1433,718,238.540200091762
352295.49671931,6549920.96282033,1322,1247,661,190.878180705692
352295.49671931,6549920.96282033,1322,1326,663,72.9940759017543
352295.49671931,6549920.96282033,1322,1372,686,154.272435674633
353951.26526150,6549925.25023106,1324,1320,662,69.3116603450707
353951.26526150,6549925.25023106,1324,1330,665,70.0239392655329
353951.26526150,6549925.25023106,1324,1437,720,238.380022471575
352368.28528270,6549926.43640746,1326,1322,663,72.9940759017543
352368.28528270,6549926.43640746,1326,1251,664,192.242192232119
352368.28528270,6549926.43640746,1326,1332,666,68.780415007556
352368.28528270,6549926.43640746,1326,1376,688,164.211447465564
354021.06339719,6549930.86915668,1330,1324,665,70.0239392655329
354021.06339719,6549930.86915668,1330,1441,722,238.208836199829
354021.06339719,6549930.86915668,1330,1445,724,310.509968537141
352436.87120459,6549931.60523778,1332,1326,666,68.780415007556
352436.87120459,6549931.60523778,1332,1255,667,191.503067285094
352436.87120459,6549931.60523778,1332,1336,668,69.8200130266587
352436.87120459,6549931.60523778,1332,1380,690,168.017780128057
352506.49334967,6549936.85796407,1336,1332,668,69.8200130266587
352506.49334967,6549936.85796407,1336,1261,669,190.800029483854
352506.49334967,6549936.85796407,1336,1340,670,43.427753023158
352506.49334967,6549936.85796407,1336,1385,693,168.074579687063
352549.79870704,6549940.11614691,1340,1336,670,43.427753023158
352549.79870704,6549940.11614691,1340,1269,671,190.346453348697
352549.79870704,6549940.11614691,1340,1344,672,67.6250076224952
352549.79870704,6549940.11614691,1340,1394,697,172.180153053733
352617.23243918,6549945.19880627,1344,1340,672,67.6250076224952
352617.23243918,6549945.19880627,1344,1271,673,189.644569154095
352617.23243918,6549945.19880627,1344,1348,674,71.1936866363833
352617.23243918,6549945.19880627,1344,1392,696,166.903450028274
352688.22412029,6549950.55811869,1348,1344,674,71.1936866363833
352688.22412029,6549950.55811869,1348,1275,675,188.898100350823
352688.22412029,6549950.55811869,1348,1352,676,68.4909424203696
352688.22412029,6549950.55811869,1348,1404,702,164.895287868588
352756.52100295,6549955.71030393,1352,1348,676,68.4909424203696
352756.52100295,6549955.71030393,1352,1279,677,188.193662558717
352756.52100295,6549955.71030393,1352,1356,678,72.6700256477223
352756.52100295,6549955.71030393,1352,1402,701,159.113687793184
352828.98552518,6549961.17158997,1356,1352,678,72.6700256477223
352828.98552518,6549961.17158997,1356,1283,679,187.444410619901
352828.98552518,6549961.17158997,1356,1360,680,69.2188224848643
352828.98552518,6549961.17158997,1356,1396,698,151.31976913562
352898.00754350,6549966.38756289,1360,1356,680,69.2188224848643
352898.00754350,6549966.38756289,1360,1287,681,186.731597851888
352898.00754350,6549966.38756289,1360,1364,682,70.1007350442792
352898.00754350,6549966.38756289,1360,1374,687,113.038286408654
352967.90971168,6549971.66012754,1364,1360,682,70.1007350442792
352967.90971168,6549971.66012754,1364,1291,683,186.022564321119
352967.90971168,6549971.66012754,1364,1368,684,58.2566985301305
352964.18465930,6550029.79761036,1368,1364,684,58.2566985301305
388268.01567107,6550061.02438601,1370,40,685,4158.71236652932
388268.01567107,6550061.02438601,1370,1531,498240,18.5187508095226
352285.95713240,6550074.94002868,1372,1322,686,154.272435674633
352889.87873353,6550079.13319093,1374,1360,687,113.038286408654
352355.66899602,6550090.16248599,1376,1326,688,164.211447465564
353076.69896391,6550095.27509430,1378,1300,689,246.791065654869
353076.69896391,6550095.27509430,1378,1381,691,75.5593898650187
353076.69896391,6550095.27509430,1378,1581,792,457.768624033954
352423.62818704,6550099.10030315,1380,1332,690,168.017780128057
353152.02120781,6550101.25681402,1381,1378,691,75.5593898650187
353152.02120781,6550101.25681402,1381,1384,692,131.167541106953
353152.02120781,6550101.25681402,1381,1387,694,70.824204905878
353152.02120781,6550101.25681402,1381,1453,727,182.264648558013
353162.41716291,6549970.50189841,1384,1381,692,131.167541106953
352493.71590549,6550104.44615356,1385,1336,693,168.074579687063
353222.62223640,6550106.87488870,1387,1381,694,70.824204905878
353222.62223640,6550106.87488870,1387,1302,695,236.889264113182
353222.62223640,6550106.87488870,1387,1397,699,69.3334860997058
353222.62223640,6550106.87488870,1387,1455,729,182.174169356869
352604.19760917,6550111.59248054,1392,1344,696,166.903450028274
352534.31081773,6550111.59830455,1394,1340,697,172.180153053733
352817.90075678,6550112.08481152,1396,1356,698,151.31976913562
353291.73739044,6550112.37286802,1397,1387,699,69.3334860997058
353291.73739044,6550112.37286802,1397,1304,700,237.250660376951
353291.73739044,6550112.37286802,1397,1405,703,69.6391458426477
353291.73739044,6550112.37286802,1397,1463,733,182.098165403745
352743.39742714,6550114.28185687,1402,1352,701,159.113687793184
352674.87816794,6550114.91243569,1404,1348,702,164.895287868588
353361.15734051,6550117.89384311,1405,1397,703,69.6391458426477
353361.15734051,6550117.89384311,1405,1306,704,237.600766754653
353361.15734051,6550117.89384311,1405,1409,705,70.3487683737152
353361.15734051,6550117.89384311,1405,1467,735,182.006928788908
353431.28500479,6550123.46698532,1409,1405,705,70.3487683737152
353431.28500479,6550123.46698532,1409,1308,706,237.945652951539
353431.28500479,6550123.46698532,1409,1413,707,69.6401247974282
353431.28500479,6550123.46698532,1409,1471,737,181.922524477975
353500.70484960,6550129.00161522,1413,1409,707,69.6401247974282
353500.70484960,6550129.00161522,1413,1310,708,238.324190954994
353500.70484960,6550129.00161522,1413,1417,709,73.1262165324755
353500.70484960,6550129.00161522,1413,1477,740,181.836238149165
353573.60124791,6550134.79459879,1417,1413,709,73.1262165324755
353573.60124791,6550134.79459879,1417,1312,710,238.673918483644
353573.60124791,6550134.79459879,1417,1421,711,74.8141588220033
353573.60124791,6550134.79459879,1417,1481,742,181.782993136044
353648.17907918,6550140.73643709,1421,1417,711,74.8141588220033
353648.17907918,6550140.73643709,1421,1314,712,239.063908065036
353648.17907918,6550140.73643709,1421,1425,713,74.9307152122681
353648.17907918,6550140.73643709,1421,1487,745,181.663736934748
353722.88375321,6550146.55225693,1425,1421,713,74.9307152122681
353722.88375321,6550146.55225693,1425,1316,714,238.883335810848
353722.88375321,6550146.55225693,1425,1429,715,70.8883105897049
353722.88375321,6550146.55225693,1425,1491,747,181.427368769661
353793.55813786,6550152.05534082,1429,1425,715,70.8883105897049
353793.55813786,6550152.05534082,1429,1318,716,238.70150853056
353793.55813786,6550152.05534082,1429,1433,717,70.0232443217133
353793.55813786,6550152.05534082,1429,1495,749,181.198058330268
353863.36911226,6550157.50351470,1433,1429,717,70.0232443217133
353863.36911226,6550157.50351470,1433,1320,718,238.540200091762
353863.36911226,6550157.50351470,1433,1437,719,69.5253849152055
353863.36911226,6550157.50351470,1433,1499,751,180.974330423582
353932.68435732,6550162.90499141,1437,1433,719,69.5253849152055
353932.68435732,6550162.90499141,1437,1324,720,238.380022471575
353932.68435732,6550162.90499141,1437,1441,721,68.8211401195218
353932.68435732,6550162.90499141,1437,1503,753,180.738569984432
354001.29711735,6550168.25648537,1441,1437,721,68.8211401195218
354001.29711735,6550168.25648537,1441,1330,722,238.208836199829
354001.29711735,6550168.25648537,1441,1445,723,72.5389632364627
354001.29711735,6550168.25648537,1441,1507,755,180.508221627878
354073.61688549,6550173.89140545,1445,1441,723,72.5389632364627
354073.61688549,6550173.89140545,1445,1330,724,310.509968537141
354073.61688549,6550173.89140545,1445,1507,758,252.549799890587
352314.79006508,6550265.92505079,1449,1450,725,132.696429208176
352447.05948865,6550276.56186957,1450,1449,725,132.696429208176
352447.05948865,6550276.56186957,1450,1452,726,49.26055295445
352447.05948865,6550276.56186957,1450,1460,730,197.624124810189
352447.05948865,6550276.56186957,1450,1511,757,72.6358169920149
352450.96367103,6550227.45627480,1452,1450,726,49.26055295445
353136.93793084,6550282.89628349,1453,1381,727,182.264648558013
353136.93793084,6550282.89628349,1453,1455,728,71.1049172804518
353136.93793084,6550282.89628349,1453,1518,759,118.659606200909
353207.82584852,6550288.44717426,1455,1453,728,71.1049172804518
353207.82584852,6550288.44717426,1455,1387,729,182.174169356869
353207.82584852,6550288.44717426,1455,1463,732,67.5178720937979
352644.00297139,6550292.94964890,1460,1450,730,197.624124810189
352644.00297139,6550292.94964890,1460,1462,731,54.2276666411208
352644.00297139,6550292.94964890,1460,1476,738,232.359719853081
352644.00297139,6550292.94964890,1460,1521,762,71.8538928750955
352648.47720565,6550238.90687827,1462,1460,731,54.2276666411208
353275.13807077,6550293.71289236,1463,1455,732,67.5178720937979
353275.13807077,6550293.71289236,1463,1397,733,182.098165403745
353275.13807077,6550293.71289236,1463,1467,734,71.8156425955721
353346.73383200,6550299.32836168,1467,1463,734,71.8156425955721
353346.73383200,6550299.32836168,1467,1405,735,182.006928788908
353346.73383200,6550299.32836168,1467,1471,736,70.0178973467638
353416.53832524,6550304.79084022,1471,1467,736,70.0178973467638
353416.53832524,6550304.79084022,1471,1409,737,181.922524477975
353416.53832524,6550304.79084022,1471,1477,739,70.5622858440411
352875.77715520,6550309.43501001,1476,1460,738,232.359719853081
352875.77715520,6550309.43501001,1476,1486,743,95.5364722273807
352875.77715520,6550309.43501001,1476,1535,769,73.8313531904818
353486.88428732,6550310.31187296,1477,1471,739,70.5622858440411
353486.88428732,6550310.31187296,1477,1413,740,181.836238149165
353486.88428732,6550310.31187296,1477,1481,741,69.4230400955843
353556.09536308,6550315.73271138,1481,1477,741,69.4230400955843
353556.09536308,6550315.73271138,1481,1417,742,181.782993136044
353556.09536308,6550315.73271138,1481,1487,744,78.8423302354875
352971.07261458,6550316.21682001,1486,1476,743,95.5364722273807
353634.69617861,6550321.89913941,1487,1481,744,78.8423302354875
353634.69617861,6550321.89913941,1487,1421,745,181.663736934748
353634.69617861,6550321.89913941,1487,1491,746,73.4968635357822
353634.69617861,6550321.89913941,1487,1544,773,71.4905189873062
353707.98935130,6550327.36720910,1491,1487,746,73.4968635357822
353707.98935130,6550327.36720910,1491,1425,747,181.427368769661
353707.98935130,6550327.36720910,1491,1495,748,70.5582466337849
353778.35223083,6550332.61424183,1495,1491,748,70.5582466337849
353778.35223083,6550332.61424183,1495,1429,749,181.198058330268
353778.35223083,6550332.61424183,1495,1499,750,69.208204445013
353847.36819324,6550337.76909340,1499,1495,750,69.208204445013
353847.36819324,6550337.76909340,1499,1433,751,180.974330423582
353847.36819324,6550337.76909340,1499,1503,752,70.2407163034529
353917.41406262,6550342.99732545,1503,1499,752,70.2407163034529
353917.41406262,6550342.99732545,1503,1437,753,180.738569984432
353917.41406262,6550342.99732545,1503,1507,754,69.421262257412
353986.64243113,6550348.16884806,1507,1503,754,69.421262257412
353986.64243113,6550348.16884806,1507,1441,755,180.508221627878
353986.64243113,6550348.16884806,1507,1445,758,252.549799890587
352441.29299783,6550348.96842655,1511,1512,756,135.293351298599
352441.29299783,6550348.96842655,1511,1450,757,72.6358169920149
352441.29299783,6550348.96842655,1511,1521,761,197.405248954833
352441.29299783,6550348.96842655,1511,1556,779,70.9862524058294
352306.31777318,6550339.69590610,1512,1511,756,135.293351298599
353080.26279902,6550355.27116604,1518,1453,759,118.659606200909
353080.26279902,6550355.27116604,1518,1520,760,77.4499708363282
353080.26279902,6550355.27116604,1518,1592,797,219.516232187031
353157.52933581,6550360.59848021,1520,1518,760,77.4499708363282
353157.52933581,6550360.59848021,1520,1526,763,72.9859226163334
353157.52933581,6550360.59848021,1520,1598,800,219.804434747297
352638.08162022,6550364.55914214,1521,1511,761,197.405248954833
352638.08162022,6550364.55914214,1521,1460,762,71.8538928750955
352638.08162022,6550364.55914214,1521,1535,768,233.395215599734
352638.08162022,6550364.55914214,1521,1560,781,69.8567124321948
353230.34161842,6550365.63002076,1526,1520,763,72.9859226163334
353230.34161842,6550365.63002076,1526,1528,764,72.0215070331027
353230.34161842,6550365.63002076,1526,1604,803,220.008765466289
353302.19224548,6550370.58833367,1528,1526,764,72.0215070331027
353302.19224548,6550370.58833367,1528,1530,765,78.4421924002944
353302.19224548,6550370.58833367,1528,1614,808,220.229600522878
353380.44798075,6550375.99365009,1530,1528,765,78.4421924002944
353380.44798075,6550375.99365009,1530,1534,767,72.5517626506323
353380.44798075,6550375.99365009,1530,1620,811,220.509371099776
388267.97125814,6550079.54308356,1531,1532,766,336.257554288742
388267.97125814,6550079.54308356,1531,1370,498240,18.5187508095226
388388.13547147,6550379.10010634,1532,1531,766,336.257554288742
353452.82748352,6550380.99023324,1534,1530,767,72.5517626506323
353452.82748352,6550380.99023324,1534,1540,770,72.0210058763893
353452.82748352,6550380.99023324,1534,1628,815,220.746176839521
352870.73968303,6550383.09431076,1535,1521,768,233.395215599734
352870.73968303,6550383.09431076,1535,1476,769,73.8313531904818
352870.73968303,6550383.09431076,1535,1541,771,106.394320408087
352870.73968303,6550383.09431076,1535,1564,783,70.9961886259265
353524.67732048,6550385.95271411,1540,1534,770,72.0210058763893
353524.67732048,6550385.95271411,1540,1544,772,104.965754064179
353524.67732048,6550385.95271411,1540,1638,820,220.949294476508
352976.79682882,6550391.55795318,1541,1535,771,106.394320408087
353629.39308889,6550393.19269833,1544,1540,772,104.965754064179
353629.39308889,6550393.19269833,1544,1487,773,71.4905189873062
353629.39308889,6550393.19269833,1544,1548,774,66.1774106301721
353629.39308889,6550393.19269833,1544,1646,824,221.275872061266
353695.39787482,6550397.96950823,1548,1544,774,66.1774106301721
353695.39787482,6550397.96950823,1548,1550,775,74.2048476233044
353695.39787482,6550397.96950823,1548,1652,827,221.989798149071
353769.40861763,6550403.33321577,1550,1548,775,74.2048476233044
353769.40861763,6550403.33321577,1550,1552,776,71.9646551550033
353769.40861763,6550403.33321577,1550,1658,830,222.816116534026
353841.18558589,6550408.52729120,1552,1550,776,71.9646551550033
353841.18558589,6550408.52729120,1552,1554,777,76.9213310589359
353841.18558589,6550408.52729120,1552,1664,833,223.616414210026
353917.90622829,6550414.08014650,1554,1552,777,76.9213310589359
353917.90622829,6550414.08014650,1554,1670,836,224.470401599233
353917.90622829,6550414.08014650,1554,1674,838,293.554864326388
352304.80346788,6550410.36706681,1555,1556,778,131.195495670075
352435.66435426,6550419.73117382,1556,1555,778,131.195495670075
352435.66435426,6550419.73117382,1556,1511,779,70.9862524058294
352435.66435426,6550419.73117382,1556,1560,780,197.19061923259
352435.66435426,6550419.73117382,1556,1569,786,76.6170351547943
352632.32503140,6550434.17826276,1560,1556,780,197.19061923259
352632.32503140,6550434.17826276,1560,1521,781,69.8567124321948
352632.32503140,6550434.17826276,1560,1564,782,233.713690592565
352632.32503140,6550434.17826276,1560,1573,788,80.1797877145308
352865.20728258,6550453.87461413,1564,1560,782,233.713690592565
352865.20728258,6550453.87461413,1564,1535,783,70.9961886259265
352865.20728258,6550453.87461413,1564,1568,784,108.355329426099
352865.20728258,6550453.87461413,1564,1577,790,78.6582696295032
352973.17671204,6550463.01133762,1568,1564,784,108.355329426099
352429.58668224,6550496.10677188,1569,1570,785,130.840288094524
352429.58668224,6550496.10677188,1569,1556,786,76.6170351547943
352429.58668224,6550496.10677188,1569,1573,787,196.94931742403
352429.58668224,6550496.10677188,1569,1588,795,74.4857831267551
352299.07967432,6550486.77393351,1570,1569,785,130.840288094524
352625.71372379,6550514.08501448,1573,1569,787,196.94931742403
352625.71372379,6550514.08501448,1573,1560,788,80.1797877145308
352625.71372379,6550514.08501448,1573,1577,789,232.965286962252
352625.71372379,6550514.08501448,1573,1608,805,72.3818316774396
352857.97368134,6550532.19956797,1577,1573,789,232.965286962252
352857.97368134,6550532.19956797,1577,1564,790,78.6582696295032
352857.97368134,6550532.19956797,1577,1581,791,148.948205367312
352857.97368134,6550532.19956797,1577,1634,818,73.7079492959941
353006.47011383,6550543.79169545,1581,1577,791,148.948205367312
353006.47011383,6550543.79169545,1581,1378,792,457.768624033954
353006.47011383,6550543.79169545,1581,1586,793,26.1655914479582
353004.49930817,6550569.88296029,1586,1581,793,26.1655914479582
353004.49930817,6550569.88296029,1586,1592,796,60.3705003144382
353004.49930817,6550569.88296029,1586,1738,870,268.093094610836
352291.42173626,6550563.32236752,1587,1588,794,132.445266950912
352423.68000175,6550570.35798745,1588,1587,794,132.445266950912
352423.68000175,6550570.35798745,1588,1569,795,74.4857831267551
352423.68000175,6550570.35798745,1588,1608,804,196.705414839899
352423.68000175,6550570.35798745,1588,1677,840,73.4208271456533
353064.71266986,6550574.23593416,1592,1586,796,60.3705003144382
353064.71266986,6550574.23593416,1592,1518,797,219.516232187031
353064.71266986,6550574.23593416,1592,1596,798,43.3471189864723
353107.94722129,6550577.35783865,1596,1592,798,43.3471189864723
353107.94722129,6550577.35783865,1596,1598,799,29.8097365276579
353107.94722129,6550577.35783865,1596,1748,875,281.392116530795
353137.67954317,6550579.50479639,1598,1596,799,29.8097365276579
353137.67954317,6550579.50479639,1598,1520,800,219.804434747297
353137.67954317,6550579.50479639,1598,1602,801,39.3647348458586
353176.94247331,6550582.33404827,1602,1598,801,39.3647348458586
353176.94247331,6550582.33404827,1602,1604,802,34.8359718923837
353176.94247331,6550582.33404827,1602,1756,879,281.30718877235
353211.68772113,6550584.84655526,1604,1602,802,34.8359718923837
353211.68772113,6550584.84655526,1604,1526,803,220.008765466289
353211.68772113,6550584.84655526,1604,1612,806,35.6950905813104
352619.74480429,6550586.22031483,1608,1588,804,196.705414839899
352619.74480429,6550586.22031483,1608,1573,805,72.3818316774396
352619.74480429,6550586.22031483,1608,1634,817,235.022762490025
352619.74480429,6550586.22031483,1608,1681,842,70.978964442482
353247.29023718,6550587.41566846,1612,1604,806,35.6950905813104
353247.29023718,6550587.41566846,1612,1614,807,37.5538516859776
353247.29023718,6550587.41566846,1612,1760,881,281.266489295944
353284.74616878,6550590.12582786,1614,1612,807,37.5538516859776
353284.74616878,6550590.12582786,1614,1528,808,220.229600522878
353284.74616878,6550590.12582786,1614,1618,809,33.3866788283409
353318.04635327,6550592.52750147,1618,1614,809,33.3866788283409
353318.04635327,6550592.52750147,1618,1620,810,42.1748897444488
353318.04635327,6550592.52750147,1618,1770,886,281.217371401895
353360.11184208,6550595.56328416,1620,1618,810,42.1748897444488
353360.11184208,6550595.56328416,1620,1530,811,220.509371099776
353360.11184208,6550595.56328416,1620,1624,812,31.8873546721312
353391.91588007,6550597.86688036,1624,1620,812,31.8873546721312
353391.91588007,6550597.86688036,1624,1628,814,40.8192808415066
353391.91588007,6550597.86688036,1624,1774,888,281.28454740317
380541.91468213,6550272.98013865,1625,1626,813,348.608627106405
380420.94333358,6550599.92647633,1626,1625,813,348.608627106405
380420.94333358,6550599.92647633,1626,1826,913,548.713413297035
380420.94333358,6550599.92647633,1626,1862,931,426.052296829093
353432.62889481,6550600.81036790,1628,1624,814,40.8192808415066
353432.62889481,6550600.81036790,1628,1534,815,220.746176839521
353432.62889481,6550600.81036790,1628,1632,816,27.2649446145983
353459.82272025,6550602.77837779,1632,1628,816,27.2649446145983
353459.82272025,6550602.77837779,1632,1638,819,47.0686190952597
353459.82272025,6550602.77837779,1632,1784,893,281.174770422972
352853.95075382,6550605.79765112,1634,1608,817,235.022762490025
352853.95075382,6550605.79765112,1634,1577,818,73.7079492959941
352853.95075382,6550605.79765112,1634,1650,825,111.123350286949
352853.95075382,6550605.79765112,1634,1689,846,70.6924555130299
353506.76862151,6550606.17503185,1638,1632,819,47.0686190952597
353506.76862151,6550606.17503185,1638,1540,820,220.949294476508
353506.76862151,6550606.17503185,1638,1642,821,22.3766632220188
353529.08736448,6550607.78399702,1642,1638,821,22.3766632220188
353529.08736448,6550607.78399702,1642,1646,823,84.1085160913711
353529.08736448,6550607.78399702,1642,1788,895,281.086967081444
392416.19975074,6546259.62400286,1643,1644,822,4751.20283920683
394274.29883876,6550610.01580145,1644,1643,822,4751.20283920683
394274.29883876,6550610.01580145,1644,1729,498241,35.4531026314467
353612.97622004,6550613.85873100,1646,1642,823,84.1085160913711
353612.97622004,6550613.85873100,1646,1544,824,221.275872061266
353612.97622004,6550613.85873100,1646,1652,826,64.5707751137614
353612.97622004,6550613.85873100,1646,1792,897,280.997093804812
352964.68728109,6550615.06158694,1650,1634,825,111.123350286949
353677.32384684,6550619.22230481,1652,1646,826,64.5707751137614
353677.32384684,6550619.22230481,1652,1548,827,221.989798149071
353677.32384684,6550619.22230481,1652,1656,828,11.4462333569011
353688.72999140,6550620.17944869,1656,1652,828,11.4462333569011
353688.72999140,6550620.17944869,1656,1658,829,62.5042290706332
353688.72999140,6550620.17944869,1656,1796,899,280.404779174251
353751.01674339,6550625.38897623,1658,1656,829,62.5042290706332
353751.01674339,6550625.38897623,1658,1550,830,222.816116534026
353751.01674339,6550625.38897623,1658,1662,831,9.38851368180212
353760.37285442,6550626.16831934,1662,1658,831,9.38851368180212
353760.37285442,6550626.16831934,1662,1664,832,62.3533597166648
353760.37285442,6550626.16831934,1662,1800,901,279.833429542675
353822.50949865,6550631.36244208,1664,1662,832,62.3533597166648
353822.50949865,6550631.36244208,1664,1552,833,223.616414210026
353822.50949865,6550631.36244208,1664,1668,834,7.9436933749279
353830.42604532,6550632.01860769,1668,1664,834,7.9436933749279
353830.42604532,6550632.01860769,1668,1670,835,67.6162800276382
353830.42604532,6550632.01860769,1668,1804,903,279.296682595791
353897.80750240,6550637.64893326,1670,1668,835,67.6162800276382
353897.80750240,6550637.64893326,1670,1554,836,224.470401599233
353897.80750240,6550637.64893326,1670,1674,837,69.983905486052
353897.80750240,6550637.64893326,1670,1808,905,278.756590426867
353967.54897931,6550643.46902134,1674,1670,837,69.983905486052
353967.54897931,6550643.46902134,1674,1554,838,293.554864326388
353967.54897931,6550643.46902134,1674,1686,843,96.5011478342794
353967.54897931,6550643.46902134,1674,1814,908,278.21216260756
352417.85325015,6550643.54724093,1677,1678,839,134.622869853402
352417.85325015,6550643.54724093,1677,1588,840,73.4208271456533
352417.85325015,6550643.54724093,1677,1681,841,196.499472140852
352417.85325015,6550643.54724093,1677,1695,849,72.4554184615445
352283.55257350,6550634.23889307,1678,1677,839,134.622869853402
352613.89457269,6550656.95777438,1681,1677,841,196.499472140852
352613.89457269,6550656.95777438,1681,1608,842,70.978964442482
352613.89457269,6550656.95777438,1681,1689,845,236.264851708527
352613.89457269,6550656.95777438,1681,1701,852,72.6285184640524
354059.76128978,6550671.91829782,1686,1674,843,96.5011478342794
381492.43242802,6550649.60267062,1687,1688,844,293.779233078113
381492.43242802,6550649.60267062,1687,1700,850,74.2639504639962
381782.22529765,6550674.89006058,1688,1687,844,293.779233078113
381782.22529765,6550674.89006058,1688,1705,854,66.1793118681214
352849.36297305,6550676.34108125,1689,1681,845,236.264851708527
352849.36297305,6550676.34108125,1689,1634,846,70.6924555130299
352849.36297305,6550676.34108125,1689,1693,847,108.487199052206
352849.36297305,6550676.34108125,1689,1709,856,73.1792999030164
352957.48389606,6550685.24828990,1693,1689,847,108.487199052206
352412.11027608,6550715.77470048,1695,1696,848,135.523317711199
352412.11027608,6550715.77470048,1695,1677,849,72.4554184615445
352412.11027608,6550715.77470048,1695,1701,851,196.266135238948
352412.11027608,6550715.77470048,1695,1715,859,72.5010010298332
352277.06610259,6550704.38870692,1696,1695,848,135.523317711199
381468.14704982,6550719.78354226,1700,1687,850,74.2639504639962
381468.14704982,6550719.78354226,1700,1705,853,310.507357746925
381468.14704982,6550719.78354226,1700,1720,860,73.956377587181
352607.90711900,6550729.33907095,1701,1695,851,196.266135238948
352607.90711900,6550729.33907095,1701,1681,852,72.6285184640524
352607.90711900,6550729.33907095,1701,1709,855,234.963013411715
352607.90711900,6550729.33907095,1701,1721,862,74.5019747519831
381777.93349871,6550740.93006196,1705,1700,853,310.507357746925
381777.93349871,6550740.93006196,1705,1688,854,66.1793118681214
381777.93349871,6550740.93006196,1705,1725,864,70.968550060322
352842.03326117,6550749.15238022,1709,1701,855,234.963013411715
352842.03326117,6550749.15238022,1709,1689,856,73.1792999030164
352842.03326117,6550749.15238022,1709,1713,857,102.331966531748
352842.03326117,6550749.15238022,1709,1734,868,75.2687246947466
352944.00062459,6550757.78303318,1713,1709,857,102.331966531748
352406.35789756,6550788.04713846,1715,1716,858,140.20597057326
352406.35789756,6550788.04713846,1715,1695,859,72.5010010298332
352406.35789756,6550788.04713846,1715,1721,861,196.027200722716
352406.35789756,6550788.04713846,1715,1743,873,68.133327354232
352266.59224944,6550776.94408523,1716,1715,858,140.20597057326
381441.81045360,6550788.89164226,1720,1700,860,73.956377587181
381441.81045360,6550788.89164226,1720,1725,863,332.301599538249
381441.81045360,6550788.89164226,1720,1754,877,74.4046481784719
352601.76811936,6550803.58768659,1721,1715,861,196.027200722716
352601.76811936,6550803.58768659,1721,1701,862,74.5019747519831
352601.76811936,6550803.58768659,1721,1734,867,235.499060691643
352601.76811936,6550803.58768659,1721,1765,884,69.2880742199323
381773.32501186,6550811.74882322,1725,1720,863,332.301599538249
381773.32501186,6550811.74882322,1725,1705,864,70.968550060322
381773.32501186,6550811.74882322,1725,1777,890,67.7904996148828
394288.87445276,6550642.33412385,1729,1730,865,187.754697752679
394288.87445276,6550642.33412385,1729,1644,498241,35.4531026314467
394366.06149368,6550813.48898718,1730,1729,865,187.754697752679
394366.06149368,6550813.48898718,1730,979,866,3318.1286510208
394366.06149368,6550813.48898718,1730,2450,1225,1956.36903468846
352836.36275521,6550824.20720205,1734,1721,867,235.499060691643
352836.36275521,6550824.20720205,1734,1709,868,75.2687246947466
352836.36275521,6550824.20720205,1734,1738,869,148.496261679119
352984.28836256,6550837.21314013,1738,1734,869,148.496261679119
352984.28836256,6550837.21314013,1738,1586,870,268.093094610836
352984.28836256,6550837.21314013,1738,1742,871,13.3291757174584
352983.19183362,6550850.49713613,1742,1738,871,13.3291757174584
352983.19183362,6550850.49713613,1742,1748,874,99.8942490812609
352983.19183362,6550850.49713613,1742,1902,951,244.308496817363
352400.89686482,6550855.96125642,1743,1744,872,135.992720830705
352400.89686482,6550855.96125642,1743,1715,873,68.133327354232
352400.89686482,6550855.96125642,1743,1765,883,195.054217812989
352400.89686482,6550855.96125642,1743,1819,911,73.5028144644728
352265.39707713,6550844.39286610,1744,1743,872,135.992720830705
353082.83132516,6550857.62684337,1748,1742,874,99.8942490812609
353082.83132516,6550857.62684337,1748,1596,875,281.392116530795
353082.83132516,6550857.62684337,1748,1752,876,14.3657404142426
353097.16070503,6550858.64829829,1752,1748,876,14.3657404142426
353097.16070503,6550858.64829829,1752,1756,878,58.739736003814
353097.16070503,6550858.64829829,1752,1823,912,76.8489576890777
381419.36293659,6550859.82936600,1754,1720,877,74.4046481784719
381419.36293659,6550859.82936600,1754,1777,889,350.112798135804
381419.36293659,6550859.82936600,1754,1818,909,70.1542023594882
353155.75055532,6550862.84186824,1756,1752,878,58.739736003814
353155.75055532,6550862.84186824,1756,1602,879,281.30718877235
353155.75055532,6550862.84186824,1756,1760,880,68.2174028234189
353223.79481538,6550867.69910207,1760,1756,880,68.2174028234189
353223.79481538,6550867.69910207,1760,1612,881,281.266489295944
353223.79481538,6550867.69910207,1760,1764,882,42.9659010663035
353266.65081415,6550870.77026211,1764,1760,882,42.9659010663035
353266.65081415,6550870.77026211,1764,1770,885,28.6515016078752
353266.65081415,6550870.77026211,1764,1832,917,76.1221626341128
352595.24287080,6550872.56781678,1765,1743,883,195.054217812989
352595.24287080,6550872.56781678,1765,1721,884,69.2880742199323
352595.24287080,6550872.56781678,1765,1827,915,74.1424195377233
353295.22906889,6550872.81767524,1770,1764,885,28.6515016078752
353295.22906889,6550872.81767524,1770,1618,886,281.217371401895
353295.22906889,6550872.81767524,1770,1774,887,68.2126181351472
353363.26754378,6550877.68873339,1774,1770,887,68.2126181351472
353363.26754378,6550877.68873339,1774,1624,888,281.28454740317
353363.26754378,6550877.68873339,1774,1782,891,54.7173776860158
381768.92851626,6550879.39660710,1777,1754,889,350.112798135804
381768.92851626,6550879.39660710,1777,1725,890,67.7904996148828
381768.92851626,6550879.39660710,1777,1835,919,71.2257141966176
353417.84536775,6550881.59418488,1782,1774,891,54.7173776860158
353417.84536775,6550881.59418488,1782,1784,892,15.8089440751818
353417.84536775,6550881.59418488,1782,1840,921,75.4666460899248
353433.61353163,6550882.72896263,1784,1782,892,15.8089440751818
353433.61353163,6550882.72896263,1784,1632,893,281.174770422972
353433.61353163,6550882.72896263,1784,1788,894,71.881572191415
353505.31148002,6550887.86361139,1788,1784,894,71.881572191415
353505.31148002,6550887.86361139,1788,1642,895,281.086967081444
353505.31148002,6550887.86361139,1788,1792,896,87.0433082897251
353592.13240560,6550894.08168175,1792,1788,896,87.0433082897251
353592.13240560,6550894.08168175,1792,1646,897,280.997093804812
353592.13240560,6550894.08168175,1792,1796,898,75.2085717400695
353592.13240560,6550894.08168175,1792,1846,924,74.6742372644904
353667.12700636,6550899.75081922,1796,1792,898,75.2085717400695
353667.12700636,6550899.75081922,1796,1656,899,280.404779174251
353667.12700636,6550899.75081922,1796,1800,900,73.6725938611674
353740.59019303,6550905.30161115,1800,1796,900,73.6725938611674
353740.59019303,6550905.30161115,1800,1662,901,279.833429542675
353740.59019303,6550905.30161115,1800,1804,902,66.1523613849436
353740.59019303,6550905.30161115,1800,1852,927,75.6533835335984
353806.55396147,6550910.29322119,1804,1800,902,66.1523613849436
353806.55396147,6550910.29322119,1804,1668,903,279.296682595791
353806.55396147,6550910.29322119,1804,1808,904,68.0792330354148
353874.43955351,6550915.42433834,1808,1804,904,68.0792330354148
353874.43955351,6550915.42433834,1808,1670,905,278.756590426867
353874.43955351,6550915.42433834,1808,1812,906,16.0170575700138
353890.42212936,6550916.47476803,1812,1808,906,16.0170575700138
353890.42212936,6550916.47476803,1812,1814,907,55.7986855529991
353890.42212936,6550916.47476803,1812,1856,929,76.7983793694053
353946.04908040,6550920.84919686,1814,1812,907,55.7986855529991
353946.04908040,6550920.84919686,1814,1674,908,278.21216260756
353946.04908040,6550920.84919686,1814,1864,933,153.868150474201
381396.62553355,6550926.19669691,1818,1754,909,70.1542023594882
381396.62553355,6550926.19669691,1818,1835,918,368.480508354389
381396.62553355,6550926.19669691,1818,1860,930,75.936847854152
352395.42002807,6550929.25974203,1819,1820,910,132.023149134649
352395.42002807,6550929.25974203,1819,1743,911,73.5028144644728
352395.42002807,6550929.25974203,1819,1827,914,193.599913083786
352263.91335776,6550917.59322708,1820,1819,910,132.023149134649
353092.19107257,6550935.33640070,1823,1752,912,76.8489576890777
353092.19107257,6550935.33640070,1823,1832,916,170.947420262787
353092.19107257,6550935.33640070,1823,1871,936,238.435761533217
380808.87484300,6550943.26978970,1826,1626,913,548.713413297035
352588.26140198,6550946.38080661,1827,1819,914,193.599913083786
352588.26140198,6550946.38080661,1827,1765,915,74.1424195377233
352588.26140198,6550946.38080661,1827,1849,925,33.1719573251871
353262.75418517,6550946.79262676,1832,1823,916,170.947420262787
353262.75418517,6550946.79262676,1832,1764,917,76.1221626341128
353262.75418517,6550946.79262676,1832,1840,920,148.397825667923
353262.75418517,6550946.79262676,1832,1871,937,75.2922890756151
381764.30554145,6550950.47213360,1835,1818,918,368.480508354389
381764.30554145,6550950.47213360,1835,1777,919,71.2257141966176
381764.30554145,6550950.47213360,1835,1867,935,69.9498379305401
353410.81871078,6550956.73299485,1840,1832,920,148.397825667923
353410.81871078,6550956.73299485,1840,1782,921,75.4666460899248
353410.81871078,6550956.73299485,1840,1846,923,176.169866898491
353410.81871078,6550956.73299485,1840,1875,939,78.4274057346983
336710.13020885,6550662.72431070,1843,1844,922,1657.99595728874
338340.72462203,6550962.60317388,1844,1843,922,1657.99595728874
353586.59179842,6550968.55008702,1846,1840,923,176.169866898491
353586.59179842,6550968.55008702,1846,1792,924,74.6742372644904
353586.59179842,6550968.55008702,1846,1852,926,147.898266544582
353586.59179842,6550968.55008702,1846,1879,941,82.2063581521872
352585.13775155,6550979.40536658,1849,1827,925,33.1719573251871
352585.13775155,6550979.40536658,1849,2107,1055,1032.87084750959
353733.99289330,6550980.66678929,1852,1846,926,147.898266544582
353733.99289330,6550980.66678929,1852,1800,927,75.6533835335984
353733.99289330,6550980.66678929,1852,1856,928,149.642557149363
353733.99289330,6550980.66678929,1852,1883,943,81.8033581431978
353883.13241522,6550992.92639419,1856,1852,928,149.642557149363
353883.13241522,6550992.92639419,1856,1812,929,76.7983793694053
353883.13241522,6550992.92639419,1856,1864,932,157.291011816549
353883.13241522,6550992.92639419,1856,1889,946,81.4198019271224
381366.57191911,6550995.93323770,1860,1818,930,75.936847854152
381366.57191911,6550995.93323770,1860,1867,934,393.9504792043
381366.57191911,6550995.93323770,1860,1888,944,71.6067385482881
380277.77213500,6551001.20264997,1862,1626,931,426.052296829093
380277.77213500,6551001.20264997,1862,1934,967,480.024372620122
380277.77213500,6551001.20264997,1862,2807,1405,2338.44700967104
354039.89461470,6551005.81341143,1864,1856,932,157.291011816549
354039.89461470,6551005.81341143,1864,1814,933,153.868150474201
354039.89461470,6551005.81341143,1864,1893,948,84.4105175599023
381759.76966922,6551020.27475310,1867,1860,934,393.9504792043
381759.76966922,6551020.27475310,1867,1835,935,69.9498379305401
381759.76966922,6551020.27475310,1867,1897,950,69.033102203699
353253.71870240,6551021.54079627,1871,1823,936,238.435761533217
353253.71870240,6551021.54079627,1871,1832,937,75.2922890756151
353253.71870240,6551021.54079627,1871,1875,938,150.256602621384
353403.38846430,6551034.80763482,1875,1871,938,150.256602621384
353403.38846430,6551034.80763482,1875,1840,939,78.4274057346983
353403.38846430,6551034.80763482,1875,1879,940,177.80345200265
353580.49541567,6551050.53008115,1879,1875,940,177.80345200265
353580.49541567,6551050.53008115,1879,1846,941,82.2063581521872
353580.49541567,6551050.53008115,1879,1883,942,146.429446208987
353580.49541567,6551050.53008115,1879,1920,961,89.2655759260954
353726.46522882,6551062.12302585,1883,1879,942,146.429446208987
353726.46522882,6551062.12302585,1883,1852,943,81.8033581431978
353726.46522882,6551062.12302585,1883,1889,945,148.582940897706
381343.30485314,6551063.65449468,1888,1860,944,71.6067385482881
381343.30485314,6551063.65449468,1888,1897,949,412.770094258909
381343.30485314,6551063.65449468,1888,1916,958,72.7250868841875
353874.58102874,6551073.89588187,1889,1883,945,148.582940897706
353874.58102874,6551073.89588187,1889,1856,946,81.4198019271224
353874.58102874,6551073.89588187,1889,1893,947,183.222120895424
354057.22613924,6551088.42547914,1893,1889,947,183.222120895424
354057.22613924,6551088.42547914,1893,1864,948,84.4105175599023
354057.22613924,6551088.42547914,1893,1944,973,95.8227789636263
381755.28605761,6551089.16209901,1897,1888,949,412.770094258909
381755.28605761,6551089.16209901,1897,1867,950,69.033102203699
381755.28605761,6551089.16209901,1897,1929,966,70.9901534720593
352963.12503876,6551093.98012395,1902,1742,951,244.308496817363
352963.12503876,6551093.98012395,1902,1904,952,94.2540387353407
352963.12503876,6551093.98012395,1902,1972,986,357.145988145416
353057.36130888,6551095.81020902,1904,1902,952,94.2540387353407
353057.36130888,6551095.81020902,1904,1906,953,76.4261393661884
353057.36130888,6551095.81020902,1904,1973,988,363.093141673809
353133.20383606,6551105.23707745,1906,1904,953,76.4261393661884
353133.20383606,6551105.23707745,1906,1908,954,68.0727928709847
353133.20383606,6551105.23707745,1906,1977,990,359.408321722957
353201.07100846,6551110.52404641,1908,1906,954,68.0727928709847
353201.07100846,6551110.52404641,1908,1910,955,70.1957851110031
353201.07100846,6551110.52404641,1908,1981,992,359.258758796303
353271.05560304,6551115.96507279,1910,1908,955,70.1957851110031
353271.05560304,6551115.96507279,1910,1912,956,67.927503807755
353271.05560304,6551115.96507279,1910,1985,994,359.099045426337
353338.77816237,6551121.23771265,1912,1910,956,67.927503807755
353338.77816237,6551121.23771265,1912,1914,957,69.9764413593601
353338.77816237,6551121.23771265,1912,1991,997,358.953967105736
353408.54363769,6551126.66733500,1914,1912,957,69.9764413593601
353408.54363769,6551126.66733500,1914,1918,959,73.250925960816
353408.54363769,6551126.66733500,1914,1995,999,358.810551500475
381319.00322685,6551132.19914598,1916,1888,958,72.7250868841875
381319.00322685,6551132.19914598,1916,1929,965,432.576539402076
381319.00322685,6551132.19914598,1916,1948,974,76.004343110086
353481.57276605,6551132.36334819,1918,1914,959,73.250925960816
353481.57276605,6551132.36334819,1918,1920,960,91.6595888777464
353481.57276605,6551132.36334819,1918,1999,1001,358.638537487682
353572.95597038,6551139.47602695,1920,1918,960,91.6595888777464
353572.95597038,6551139.47602695,1920,1879,961,89.2655759260954
353572.95597038,6551139.47602695,1920,1924,962,74.3198742765409
353572.95597038,6551139.47602695,1920,2003,1003,358.469933881741
353647.01063958,6551145.74895942,1924,1920,962,74.3198742765409
353647.01063958,6551145.74895942,1924,1926,963,70.1265298782338
353647.01063958,6551145.74895942,1924,2007,1005,358.002115544071
353716.88577662,6551151.68153194,1926,1924,963,70.1265298782338
353716.88577662,6551151.68153194,1926,1928,964,70.0496438407536
353716.88577662,6551151.68153194,1926,2019,1011,357.551131830254
353786.68529018,6551157.59596418,1928,1926,964,70.0496438407536
353786.68529018,6551157.59596418,1928,1936,968,70.505890086982
353786.68529018,6551157.59596418,1928,2027,1015,357.117640963978
381750.68529448,6551160.00301141,1929,1916,965,432.576539402076
381750.68529448,6551160.00301141,1929,1897,966,70.9901534720593
381750.68529448,6551160.00301141,1929,1949,976,70.2191812306347
380723.90617181,6551160.98022391,1934,1862,967,480.024372620122
353856.93932708,6551163.55002463,1936,1928,968,70.505890086982
353856.93932708,6551163.55002463,1936,1938,969,68.7553955329872
353856.93932708,6551163.55002463,1936,2033,1018,356.678739312921
353925.44878897,6551169.36019220,1938,1936,969,68.7553955329872
353925.44878897,6551169.36019220,1938,1940,970,69.7377189752274
353925.44878897,6551169.36019220,1938,2039,1021,356.24408674987
353994.93676645,6551175.25683809,1940,1938,970,69.7377189752274
353994.93676645,6551175.25683809,1940,1942,971,69.6678914913984
353994.93676645,6551175.25683809,1940,2045,1024,355.811078189329
354064.35528056,6551181.14623566,1942,1940,971,69.6678914913984
354064.35528056,6551181.14623566,1942,1944,972,12.5947738866016
354064.35528056,6551181.14623566,1942,2053,1028,355.374602318826
354076.90541403,6551182.20570686,1944,1942,972,12.5947738866016
354076.90541403,6551182.20570686,1944,1893,973,95.8227789636263
381292.68913521,6551203.50292395,1948,1916,974,76.004343110086
381292.68913521,6551203.50292395,1948,1949,975,454.212795748343
381292.68913521,6551203.50292395,1948,1954,977,72.1896335311814
381746.12407798,6551230.07389492,1949,1948,975,454.212795748343
381746.12407798,6551230.07389492,1949,1929,976,70.2191812306347
381746.12407798,6551230.07389492,1949,1955,979,68.6296060281105
381267.71040314,6551271.23331693,1954,1948,977,72.1896335311814
381267.71040314,6551271.23331693,1954,1955,978,474.751338709193
381267.71040314,6551271.23331693,1954,1960,980,74.3293574726076
381741.67467842,6551298.55911718,1955,1954,978,474.751338709193
381741.67467842,6551298.55911718,1955,1949,979,68.6296060281105
381741.67467842,6551298.55911718,1955,1961,982,71.1026466442118
381241.57434759,6551340.81607329,1960,1954,980,74.3293574726076
381241.57434759,6551340.81607329,1960,1961,981,496.316863134629
381241.57434759,6551340.81607329,1960,1966,983,71.9740966201264
381737.06095401,6551369.51191773,1961,1960,981,496.316863134629
381737.06095401,6551369.51191773,1961,1955,982,71.1026466442118
381737.06095401,6551369.51191773,1961,1967,985,69.9387279187595
381218.25465378,6551408.90764740,1966,1960,983,71.9740966201264
381218.25465378,6551408.90764740,1966,1967,984,515.169116342423
381218.25465378,6551408.90764740,1966,1990,995,74.2560402940817
381732.52628596,6551439.30348204,1967,1966,984,515.169116342423
381732.52628596,6551439.30348204,1967,1961,985,69.9387279187595
381732.52628596,6551439.30348204,1967,2015,1009,67.1647120028765
352933.78558161,6551449.91895732,1972,1902,986,357.145988145416
352933.78558161,6551449.91895732,1972,1973,987,93.8679598338635
352933.78558161,6551449.91895732,1972,2114,1058,399.1215715735
353027.33366748,6551457.65958416,1973,1972,987,93.8679598338635
353027.33366748,6551457.65958416,1973,1904,988,363.093141673809
353027.33366748,6551457.65958416,1973,1977,989,76.6711492547701
353027.33366748,6551457.65958416,1973,2061,1031,83.3288586969681
353103.78664505,6551463.43949313,1977,1973,989,76.6711492547701
353103.78664505,6551463.43949313,1977,1906,990,359.408321722957
353103.78664505,6551463.43949313,1977,1981,991,67.2694713323289
353170.86469491,6551468.51068638,1981,1977,991,67.2694713323289
353170.86469491,6551468.51068638,1981,1908,992,359.258758796303
353170.86469491,6551468.51068638,1981,1985,993,73.4274621119091
353244.08294076,6551474.04969954,1985,1981,993,73.4274621119091
353244.08294076,6551474.04969954,1985,1910,994,359.099045426337
353244.08294076,6551474.04969954,1985,1991,996,68.6085158940293
381192.64610251,6551478.60816119,1990,1966,995,74.2560402940817
381192.64610251,6551478.60816119,1990,2012,1007,27.7892307001112
381192.64610251,6551478.60816119,1990,2015,1008,536.235085557781
353312.49574398,6551479.22819435,1991,1985,996,68.6085158940293
353312.49574398,6551479.22819435,1991,1912,997,358.953967105736
353312.49574398,6551479.22819435,1991,1995,998,68.9609223757806
353381.25951328,6551484.43903375,1995,1991,998,68.9609223757806
353381.25951328,6551484.43903375,1995,1914,999,358.810551500475
353381.25951328,6551484.43903375,1995,1999,1000,73.5706357601187
353454.62061109,6551489.98770686,1999,1995,1000,73.5706357601187
353454.62061109,6551489.98770686,1999,1918,1001,358.638537487682
353454.62061109,6551489.98770686,1999,2003,1002,87.803223939871
353542.17285337,6551496.62178600,2003,1999,1002,87.803223939871
353542.17285337,6551496.62178600,2003,1920,1003,358.469933881741
353542.17285337,6551496.62178600,2003,2007,1004,78.6278677750908
353542.17285337,6551496.62178600,2003,2083,1043,84.5454181546545
353620.55977390,6551502.77258111,2007,2003,1004,78.6278677750908
353620.55977390,6551502.77258111,2007,1924,1005,358.002115544071
353620.55977390,6551502.77258111,2007,2019,1010,69.6446848169134
380770.13370675,6551226.37222701,2011,2012,1006,497.665467429474
381181.87504025,6551504.22506109,2012,2011,1006,497.665467429474
381181.87504025,6551504.22506109,2012,1990,1007,27.7892307001112
381181.87504025,6551504.22506109,2012,2024,1012,79.6279478228429
381181.87504025,6551504.22506109,2012,2068,1034,41.1574092211416
381728.16432451,6551506.32640223,2015,1990,1008,536.235085557781
381728.16432451,6551506.32640223,2015,1967,1009,67.1647120028765
381728.16432451,6551506.32640223,2015,2058,1030,31.8420258970767
353689.99111163,6551508.21973307,2019,2007,1010,69.6446848169134
353689.99111163,6551508.21973307,2019,1926,1011,357.551131830254
353689.99111163,6551508.21973307,2019,2027,1014,67.9937728464544
381261.34948533,6551509.16698915,2024,2012,1012,79.6279478228429
381261.34948533,6551509.16698915,2024,2026,1013,68.3276170993952
381261.34948533,6551509.16698915,2024,2177,1090,409.397780784738
381329.54504335,6551513.41306084,2026,2024,1013,68.3276170993952
381329.54504335,6551513.41306084,2026,2032,1016,71.9539536601782
381329.54504335,6551513.41306084,2026,2191,1097,409.324439037671
353757.77629526,6551513.54157730,2027,2019,1014,67.9937728464544
353757.77629526,6551513.54157730,2027,1928,1015,357.117640963978
353757.77629526,6551513.54157730,2027,2033,1017,70.510247733289
381401.36005942,6551517.88239126,2032,2026,1016,71.9539536601782
381401.36005942,6551517.88239126,2032,2038,1019,69.3343617754185
381401.36005942,6551517.88239126,2032,2201,1102,408.259801935949
353828.07037838,6551519.05854335,2033,2027,1017,70.510247733289
353828.07037838,6551519.05854335,2033,1936,1018,356.678739312921
353828.07037838,6551519.05854335,2033,2039,1020,68.8181806273546
381470.56054599,6551522.18894218,2038,2032,1019,69.3343617754185
381470.56054599,6551522.18894218,2038,2044,1022,69.5121833805273
381470.56054599,6551522.18894218,2038,2211,1107,406.556333933761
353896.67778116,6551524.44057529,2039,2033,1020,68.8181806273546
353896.67778116,6551524.44057529,2039,1938,1021,356.24408674987
353896.67778116,6551524.44057529,2039,2045,1023,71.122636240864
381539.93876980,6551526.50237472,2044,2038,1022,69.5121833805273
381539.93876980,6551526.50237472,2044,2050,1025,69.6510909145952
381539.93876980,6551526.50237472,2044,2225,1114,407.282801051035
353967.58164047,6551530.01481256,2045,2039,1023,71.122636240864
353967.58164047,6551530.01481256,2045,1940,1024,355.811078189329
353967.58164047,6551530.01481256,2045,2053,1027,71.33447015319
381609.45497081,6551530.83507157,2050,2044,1025,69.6510909145952
381609.45497081,6551530.83507157,2050,2052,1026,71.5497816056203
381609.45497081,6551530.83507157,2050,2233,1118,406.123513894427
381680.86670544,6551535.27752645,2052,2050,1026,71.5497816056203
381680.86670544,6551535.27752645,2052,2058,1029,45.3231416738918
381680.86670544,6551535.27752645,2052,2239,1121,405.021029012903
354038.69764411,6551535.59340192,2053,2045,1027,71.33447015319
354038.69764411,6551535.59340192,2053,1942,1028,355.374602318826
354038.69764411,6551535.59340192,2053,2063,1032,68.1379362932946
381726.10178051,6551538.10155802,2058,2052,1029,45.3231416738918
381726.10178051,6551538.10155802,2058,2015,1030,31.8420258970767
381726.10178051,6551538.10155802,2058,2245,1124,405.391194233805
353021.66250046,6551540.79523569,2061,1973,1031,83.3288586969681
353021.66250046,6551540.79523569,2061,2069,1035,76.4160079918271
353021.66250046,6551540.79523569,2061,2125,1064,315.586667318935
354106.62563112,6551540.93820711,2063,2053,1032,68.1379362932946
354106.62563112,6551540.93820711,2063,2066,1033,208.61294932891
354106.62563112,6551540.93820711,2063,2071,1036,96.4002119074047
354126.99092138,6551333.32169143,2066,2063,1033,208.61294932891
381167.83435575,6551542.91345099,2068,2012,1034,41.1574092211416
381167.83435575,6551542.91345099,2068,2162,1081,391.662429122867
381167.83435575,6551542.91345099,2068,2167,1085,379.921190049161
353097.88022970,6551545.87061451,2069,2061,1035,76.4160079918271
353097.88022970,6551545.87061451,2069,2073,1037,69.9005166107772
353097.88022970,6551545.87061451,2069,2129,1066,316.606397613529
354202.72981345,6551548.48718021,2071,2063,1036,96.4002119074047
353167.55822156,6551551.44373503,2073,2069,1037,69.9005166107772
353167.55822156,6551551.44373503,2073,2075,1038,69.3572593683091
353167.55822156,6551551.44373503,2073,2133,1068,316.634095355438
353236.69480854,6551556.97200499,2075,2073,1038,69.3572593683091
353236.69480854,6551556.97200499,2075,2077,1039,70.1147944393202
353236.69480854,6551556.97200499,2075,2137,1070,316.653490675713
353306.58553957,6551562.57290803,2077,2075,1039,70.1147944393202
353306.58553957,6551562.57290803,2077,2079,1040,69.8943259711531
353306.58553957,6551562.57290803,2077,2141,1072,316.6813623463
353376.25700001,6551568.15004018,2079,2077,1040,69.8943259711531
353376.25700001,6551568.15004018,2079,2081,1041,72.0936656050734
353376.25700001,6551568.15004018,2079,2145,1074,316.69605222273
353448.12093696,6551573.90079542,2081,2079,1041,72.0936656050734
353448.12093696,6551573.90079542,2081,2083,1042,87.3318751160291
353448.12093696,6551573.90079542,2081,2149,1076,316.712227806354
353535.17373169,6551580.87699371,2083,2081,1042,87.3318751160291
353535.17373169,6551580.87699371,2083,2003,1043,84.5454181546545
353535.17373169,6551580.87699371,2083,2087,1044,71.1451195522049
353535.17373169,6551580.87699371,2083,2153,1078,316.738004229601
353606.11199681,6551586.29830140,2087,2083,1044,71.1451195522049
353606.11199681,6551586.29830140,2087,2089,1045,69.9689498401714
353606.11199681,6551586.29830140,2087,2157,1080,318.758052006679
353675.87650062,6551591.64320089,2089,2087,1045,69.9689498401714
353675.87650062,6551591.64320089,2089,2091,1046,69.9732101599073
353675.87650062,6551591.64320089,2089,2163,1083,320.782342195423
353745.64604869,6551596.97802064,2091,2089,1046,69.9732101599073
353745.64604869,6551596.97802064,2091,2093,1047,68.3337282335537
353745.64604869,6551596.97802064,2091,2181,1092,322.863319855729
353813.78094487,6551602.18708357,2093,2091,1047,68.3337282335537
353813.78094487,6551602.18708357,2093,2095,1048,70.2387274500444
353813.78094487,6551602.18708357,2093,2197,1100,322.498471942407
353883.81480987,6551607.54773530,2095,2093,1048,70.2387274500444
353883.81480987,6551607.54773530,2095,2097,1049,71.8025557571951
353883.81480987,6551607.54773530,2095,2217,1110,323.20456569293
353955.40788639,6551613.02846586,2097,2095,1049,71.8025557571951
353955.40788639,6551613.02846586,2097,2099,1050,68.0629949510456
353955.40788639,6551613.02846586,2097,2221,1112,320.109464432094
354023.27188932,6551618.22927231,2099,2097,1050,68.0629949510456
354023.27188932,6551618.22927231,2099,2101,1051,70.1103820512668
354023.27188932,6551618.22927231,2099,2207,1104,310.628102991031
354093.17807636,6551623.57629811,2101,2099,1051,70.1103820512668
354093.17807636,6551623.57629811,2101,2103,1052,69.3551343442941
354093.17807636,6551623.57629811,2101,2121,1061,230.20802432121
354162.33048199,6551628.87530329,2103,2101,1052,69.3551343442941
354162.33048199,6551628.87530329,2103,2105,1053,47.6200505165328
354162.33048199,6551628.87530329,2103,2121,1062,258.26083387675
354209.81116803,6551632.51586157,2105,2103,1053,47.6200505165328
351837.08172912,6551647.81038394,2107,2108,1054,411.019902368568
351837.08172912,6551647.81038394,2107,1849,1055,1032.87084750959
351837.08172912,6551647.81038394,2107,2111,1056,124.82248068876
351872.94478392,6551238.35806505,2108,2107,1054,411.019902368568
351829.80725557,6551772.42071144,2111,2107,1056,124.82248068876
351829.80725557,6551772.42071144,2111,2114,1057,1075.32089436303
351829.80725557,6551772.42071144,2111,2117,1060,80.148586955893
352902.48194150,6551847.81104195,2114,2111,1057,1075.32089436303
352902.48194150,6551847.81104195,2114,1972,1058,399.1215715735
352902.48194150,6551847.81104195,2114,2125,1063,97.4682955426306
352902.48194150,6551847.81104195,2114,2376,1188,466.302245311953
351825.13784968,6551852.43316447,2117,2118,1059,202.906132792909
351825.13784968,6551852.43316447,2117,2111,1060,80.148586955893
351825.13784968,6551852.43316447,2117,2266,1134,140.415819256116
351622.69919483,6551838.66763697,2118,2117,1059,202.906132792909
351622.69919483,6551838.66763697,2118,2188,1094,139.98267183838
351622.69919483,6551838.66763697,2118,2255,1128,135.038882495472
354075.11541457,6551853.07460902,2121,2101,1061,230.20802432121
354075.11541457,6551853.07460902,2121,2103,1062,258.26083387675
354075.11541457,6551853.07460902,2121,2207,1105,107.125857038874
352999.63752547,6551855.61239702,2125,2114,1063,97.4682955426306
352999.63752547,6551855.61239702,2125,2061,1064,315.586667318935
352999.63752547,6551855.61239702,2125,2129,1065,73.5115798855873
352999.63752547,6551855.61239702,2125,2189,1095,66.549424530794
353072.91367025,6551861.49108583,2129,2125,1065,73.5115798855873
353072.91367025,6551861.49108583,2129,2069,1066,316.606397613529
353072.91367025,6551861.49108583,2129,2133,1067,68.8184045695499
353141.51085332,6551867.00464032,2133,2129,1067,68.8184045695499
353141.51085332,6551867.00464032,2133,2073,1068,316.634095355438
353141.51085332,6551867.00464032,2133,2137,1069,70.5030022889293
353211.78792000,6551872.64443024,2137,2133,1069,70.5030022889293
353211.78792000,6551872.64443024,2137,2075,1070,316.653490675713
353211.78792000,6551872.64443024,2137,2141,1071,67.6636677099483
353279.23364458,6551878.07086222,2141,2137,1071,67.6636677099483
353279.23364458,6551878.07086222,2141,2077,1072,316.6813623463
353279.23364458,6551878.07086222,2141,2145,1073,71.0400234002077
353350.04553630,6551883.75952778,2145,2141,1073,71.0400234002077
353350.04553630,6551883.75952778,2145,2079,1074,316.69605222273
353350.04553630,6551883.75952778,2145,2149,1075,72.6961339299183
353422.50863060,6551889.57569940,2149,2145,1075,72.6961339299183
353422.50863060,6551889.57569940,2149,2081,1076,316.712227806354
353422.50863060,6551889.57569940,2149,2153,1077,86.7388558180774
353508.96832984,6551896.52908104,2153,2149,1077,86.7388558180774
353508.96832984,6551896.52908104,2153,2083,1078,316.738004229601
353508.96832984,6551896.52908104,2153,2157,1079,68.7373918471326
353508.96832984,6551896.52908104,2153,2252,1127,66.8779379922975
353577.32498456,6551903.75381584,2157,2153,1079,68.7373918471326
353577.32498456,6551903.75381584,2157,2087,1080,318.758052006679
353577.32498456,6551903.75381584,2157,2163,1082,69.7695190147583
381034.22474721,6551911.08179684,2162,2068,1081,391.662429122867
381034.22474721,6551911.08179684,2162,2171,1086,12.9182295149427
381034.22474721,6551911.08179684,2162,2312,1156,342.373408897722
353646.70704115,6551911.09656791,2163,2157,1082,69.7695190147583
353646.70704115,6551911.09656791,2163,2089,1083,320.782342195423
353646.70704115,6551911.09656791,2163,2181,1091,72.8955278629082
381166.81993062,6551915.20513615,2167,2168,1084,56.5210427403056
381166.81993062,6551915.20513615,2167,2068,1085,379.921190049161
381166.81993062,6551915.20513615,2167,2175,1088,14.7470391553872
381110.30262936,6551914.55480486,2168,2167,1084,56.5210427403056
381110.30262936,6551914.55480486,2168,2171,1087,64.0457027044376
381110.30262936,6551914.55480486,2168,2318,1160,329.325262523968
381046.26816890,6551915.75476675,2171,2162,1086,12.9182295149427
381046.26816890,6551915.75476675,2171,2168,1087,64.0457027044376
381046.26816890,6551915.75476675,2171,2314,1158,325.726456794995
381181.54975602,6551915.91746160,2175,2167,1088,14.7470391553872
381181.54975602,6551915.91746160,2175,2177,1089,58.2844778399911
381181.54975602,6551915.91746160,2175,2322,1162,331.733228498332
381239.79712135,6551917.99707429,2177,2175,1089,58.2844778399911
381239.79712135,6551917.99707429,2177,2024,1090,409.397780784738
381239.79712135,6551917.99707429,2177,2185,1093,11.2176256234299
353719.19901375,6551918.75632577,2181,2163,1091,72.8955278629082
353719.19901375,6551918.75632577,2181,2091,1092,322.863319855729
353719.19901375,6551918.75632577,2181,2197,1099,68.4718643927249
381250.98203189,6551918.85317056,2185,2177,1093,11.2176256234299
381250.98203189,6551918.85317056,2185,2191,1096,56.5166252590227
381250.98203189,6551918.85317056,2185,2328,1165,332.479447908302
351553.39732319,6551920.68690514,2188,2118,1094,139.98267183838
352994.40729956,6551921.95597728,2189,2125,1095,66.549424530794
352994.40729956,6551921.95597728,2189,2252,1126,510.563325675892
352994.40729956,6551921.95597728,2189,2263,1132,67.6143601906169
381307.40310579,6551922.13818974,2191,2185,1096,56.5166252590227
381307.40310579,6551922.13818974,2191,2026,1097,409.324439037671
381307.40310579,6551922.13818974,2191,2195,1098,12.9034607123347
381320.26290491,6551923.19878632,2195,2191,1098,12.9034607123347
381320.26290491,6551923.19878632,2195,2201,1101,59.3463210667887
381320.26290491,6551923.19878632,2195,2336,1169,331.807725149944
353787.49843416,6551923.61280444,2197,2181,1099,68.4718643927249
353787.49843416,6551923.61280444,2197,2093,1100,322.498471942407
353787.49843416,6551923.61280444,2197,2217,1109,70.1445763122262
353787.49843416,6551923.61280444,2197,2260,1131,64.6697734255618
381379.56223999,6551925.55986298,2201,2195,1101,59.3463210667887
381379.56223999,6551925.55986298,2201,2032,1102,408.259801935949
381379.56223999,6551925.55986298,2201,2205,1103,11.065786937028
381390.61939279,6551925.99691266,2205,2201,1103,11.065786937028
381390.61939279,6551925.99691266,2205,2211,1106,57.7954279663602
381390.61939279,6551925.99691266,2205,2340,1171,332.7430567046
353998.41531147,6551927.86126179,2207,2099,1104,310.628102991031
353998.41531147,6551927.86126179,2207,2121,1105,107.125857038874
353998.41531147,6551927.86126179,2207,2229,1116,8.81128962768925
381448.37509206,6551928.13950357,2211,2205,1106,57.7954279663602
381448.37509206,6551928.13950357,2211,2038,1107,406.556333933761
381448.37509206,6551928.13950357,2211,2215,1108,10.6090133864443
381458.91217115,6551929.37284425,2215,2211,1108,10.6090133864443
381458.91217115,6551929.37284425,2215,2225,1113,58.2720054890566
381458.91217115,6551929.37284425,2215,2344,1173,332.995455865951
353857.38103381,6551929.66952402,2217,2197,1109,70.1445763122262
353857.38103381,6551929.66952402,2217,2095,1110,323.20456569293
353857.38103381,6551929.66952402,2217,2221,1111,70.2323594425613
353927.57714102,6551931.92581428,2221,2217,1111,70.2323594425613
353927.57714102,6551931.92581428,2221,2097,1112,320.109464432094
353927.57714102,6551931.92581428,2221,2229,1115,64.5602622475341
381517.06213807,6551933.14219047,2225,2215,1113,58.2720054890566
381517.06213807,6551933.14219047,2225,2044,1114,407.282801051035
381517.06213807,6551933.14219047,2225,2233,1117,70.9083770808575
353992.10376281,6551934.00969073,2229,2221,1115,64.5602622475341
353992.10376281,6551934.00969073,2229,2207,1116,8.81128962768925
353992.10376281,6551934.00969073,2229,2250,1125,437.488663846092
381587.89628120,6551936.38597027,2233,2225,1117,70.9083770808575
381587.89628120,6551936.38597027,2233,2050,1118,406.123513894427
381587.89628120,6551936.38597027,2233,2237,1119,2.31652569438592
381590.21035130,6551936.49260465,2237,2233,1119,2.31652569438592
381590.21035130,6551936.49260465,2237,2239,1120,64.0044073937667
381590.21035130,6551936.49260465,2237,2352,1177,334.973552708383
381654.14794757,6551939.41629213,2239,2237,1120,64.0044073937667
381654.14794757,6551939.41629213,2239,2052,1121,405.021029012903
381654.14794757,6551939.41629213,2239,2243,1122,5.49531157994996
381659.63740656,6551939.66984556,2243,2239,1122,5.49531157994996
381659.63740656,6551939.66984556,2243,2245,1123,79.231098679095
381659.63740656,6551939.66984556,2243,2356,1179,336.819372827165
381738.78556176,6551943.29428014,2245,2243,1123,79.231098679095
381738.78556176,6551943.29428014,2245,2058,1124,405.391194233805
381738.78556176,6551943.29428014,2245,2360,1181,333.939018254516
354391.20832713,6551910.73644562,2250,2229,1125,437.488663846092
353503.30471535,6551963.16677354,2252,2189,1126,510.563325675892
353503.30471535,6551963.16677354,2252,2153,1127,66.8779379922975
353503.30471535,6551963.16677354,2252,2260,1130,279.981183022486
353503.30471535,6551963.16677354,2252,2284,1143,66.1371109813522
351613.22513020,6551973.37376855,2255,2118,1128,135.038882495472
351613.22513020,6551973.37376855,2255,2257,1129,99.3526345838015
351613.22513020,6551973.37376855,2255,2364,1183,304.959488625289
351711.77882937,6551985.94812261,2257,2255,1129,99.3526345838015
351711.77882937,6551985.94812261,2257,2266,1133,104.780161932016
351711.77882937,6551985.94812261,2257,2368,1185,305.127494587859
353782.17677999,6551988.06324735,2260,2252,1130,279.981183022486
353782.17677999,6551988.06324735,2260,2197,1131,64.6697734255618
353782.17677999,6551988.06324735,2260,2272,1136,81.4712879235322
352989.09769296,6551989.36153923,2263,2189,1132,67.6143601906169
352989.09769296,6551989.36153923,2263,2270,1135,70.7940452271129
352989.09769296,6551989.36153923,2263,2379,1191,331.635754650591
351816.34930483,6551992.57367887,2266,2257,1133,104.780161932016
351816.34930483,6551992.57367887,2266,2117,1134,140.415819256116
351816.34930483,6551992.57367887,2266,2372,1187,311.32955527158
353059.67756043,6551994.86418838,2270,2263,1135,70.7940452271129
353059.67756043,6551994.86418838,2270,2274,1137,70.2122853227201
353059.67756043,6551994.86418838,2270,2385,1194,331.429547731553
353863.32553235,6551995.30553611,2272,2260,1136,81.4712879235322
353129.67640647,6552000.33470604,2274,2270,1137,70.2122853227201
353129.67640647,6552000.33470604,2274,2276,1138,71.4917736840832
353129.67640647,6552000.33470604,2274,2389,1196,331.225109863317
353200.95191812,6552005.89124667,2276,2274,1138,71.4917736840832
353200.95191812,6552005.89124667,2276,2278,1139,71.9435144022081
353200.95191812,6552005.89124667,2276,2393,1198,331.055711100977
353272.67656644,6552011.49874943,2278,2276,1139,71.9435144022081
353272.67656644,6552011.49874943,2278,2280,1140,67.9757736353083
353272.67656644,6552011.49874943,2278,2397,1200,330.84949110643
353340.44687731,6552016.77992033,2280,2278,1140,67.9757736353083
353340.44687731,6552016.77992033,2280,2282,1141,70.3780504657938
353340.44687731,6552016.77992033,2280,2401,1202,330.651644615894
353410.61122109,6552022.26032637,2282,2280,1141,70.3780504657938
353410.61122109,6552022.26032637,2282,2284,1142,87.359234490613
353410.61122109,6552022.26032637,2282,2407,1205,330.448102335063
353497.70492529,6552029.06639266,2284,2282,1142,87.359234490613
353497.70492529,6552029.06639266,2284,2252,1143,66.1371109813522
353497.70492529,6552029.06639266,2284,2288,1144,47.0771305422854
353497.70492529,6552029.06639266,2284,2413,1208,330.215514823331
353544.63836747,6552032.74174642,2288,2284,1144,47.0771305422854
353544.63836747,6552032.74174642,2288,2290,1145,69.2162207669843
353544.63836747,6552032.74174642,2288,2417,1210,330.19851418033
353613.64490971,6552038.12527178,2290,2288,1145,69.2162207669843
353613.64490971,6552038.12527178,2290,2292,1146,69.5926477286493
353613.64490971,6552038.12527178,2290,2421,1212,330.20064732026
353683.02569436,6552043.55144351,2292,2290,1146,69.5926477286493
353683.02569436,6552043.55144351,2292,2294,1147,70.1298041534504
353683.02569436,6552043.55144351,2292,2429,1216,330.204477850078
353752.94154781,6552049.02527829,2294,2292,1147,70.1298041534504
353752.94154781,6552049.02527829,2294,2296,1148,71.6978548919737
353752.94154781,6552049.02527829,2294,2433,1218,330.193043762871
353824.42174112,6552054.60778306,2296,2294,1148,71.6978548919737
353824.42174112,6552054.60778306,2296,2298,1149,61.3325939892952
353824.42174112,6552054.60778306,2296,2437,1220,330.190382844362
353885.56731690,6552059.39376767,2298,2296,1149,61.3325939892952
334518.83925575,6552101.61273050,2299,2300,1150,2159.27139000935
334802.14434355,6550035.98060254,2300,2299,1150,2159.27139000935
400897.25225300,6550171.67817488,2301,2302,1151,2640.02545619266
401925.67034835,6552184.16019817,2302,2301,1151,2640.02545619266
401925.67034835,6552184.16019817,2302,2332,1166,68.2781245612891
403931.98086285,6550952.76098838,2303,2304,1152,1383.35734722903
403688.16967055,6552205.90420411,2304,2303,1152,1383.35734722903
403688.16967055,6552205.90420411,2304,2442,1221,195.43922545169
403688.16967055,6552205.90420411,2304,2502,1252,1682.45372750253
399235.88957262,6552224.24481517,2305,1127,1153,2931.45124911874
399235.88957262,6552224.24481517,2305,2308,1154,866.831564095722
399235.88957262,6552224.24481517,2305,2405,1203,1960.07026468201
399235.88957262,6552224.24481517,2305,2879,1440,1224.16113481799
400100.44136293,6552162.35859991,2308,2305,1154,866.831564095722
350838.23769489,6552226.18564397,2309,2310,1155,7156.79602185156
350838.23769489,6552226.18564397,2309,2333,1167,445.905724855112
350838.23769489,6552226.18564397,2309,2590,1295,559.293521268513
345298.07534849,6548882.51680178,2310,2309,1155,7156.79602185156
380921.39268814,6552234.32857187,2312,2162,1156,342.373408897722
380921.39268814,6552234.32857187,2312,2314,1157,101.426160339775
380921.39268814,6552234.32857187,2312,2592,1296,510.372001511761
381022.67650865,6552239.70013626,2314,2312,1157,101.426160339775
381022.67650865,6552239.70013626,2314,2171,1158,325.726456794995
381022.67650865,6552239.70013626,2314,2318,1159,70.3408781138924
381022.67650865,6552239.70013626,2314,2605,1304,501.673740413924
381092.91890863,6552243.42093992,2318,2314,1159,70.3408781138924
381092.91890863,6552243.42093992,2318,2168,1160,329.325262523968
381092.91890863,6552243.42093992,2318,2322,1161,69.983900127604
381092.91890863,6552243.42093992,2318,2383,1192,79.8209208835892
381162.80494625,6552247.12067263,2322,2318,1161,69.983900127604
381162.80494625,6552247.12067263,2322,2175,1162,331.733228498332
381162.80494625,6552247.12067263,2322,2326,1163,3.74371721109681
381166.54353896,6552247.31648653,2326,2322,1163,3.74371721109681
381166.54353896,6552247.31648653,2326,2328,1164,66.1544053145662
381166.54353896,6552247.31648653,2326,2560,1280,384.095537800491
381232.60487593,6552250.82434916,2328,2326,1164,66.1544053145662
381232.60487593,6552250.82434916,2328,2185,1165,332.479447908302
381232.60487593,6552250.82434916,2328,2336,1168,68.6551871806838
381232.60487593,6552250.82434916,2328,2510,1255,260.108381197543
401927.42086849,6552252.41587906,2332,2302,1166,68.2781245612891
401927.42086849,6552252.41587906,2332,2502,1251,285.896783173989
351283.06010845,6552252.49037840,2333,2309,1167,445.905724855112
381301.16392389,6552254.45638305,2336,2328,1168,68.6551871806838
381301.16392389,6552254.45638305,2336,2195,1169,331.807725149944
381301.16392389,6552254.45638305,2336,2340,1170,70.6915377139176
381301.16392389,6552254.45638305,2336,2527,1265,284.207500110952
381371.75600907,6552258.20485137,2340,2336,1170,70.6915377139176
381371.75600907,6552258.20485137,2340,2205,1171,332.7430567046
381371.75600907,6552258.20485137,2340,2344,1172,69.1964092992256
381371.75600907,6552258.20485137,2340,2685,1344,675.306405376207
381440.85484062,6552261.87834261,2344,2340,1172,69.1964092992256
381440.85484062,6552261.87834261,2344,2215,1173,332.995455865951
381440.85484062,6552261.87834261,2344,2348,1174,71.3688677883525
381440.85484062,6552261.87834261,2344,2691,1347,677.001728701061
381512.12382034,6552265.65297091,2348,2344,1174,71.3688677883525
381512.12382034,6552265.65297091,2348,2349,1175,88.8995259043472
381512.12382034,6552265.65297091,2348,2352,1176,71.261178418713
381512.12382034,6552265.65297091,2348,2699,1351,678.878904356942
381516.71771568,6552176.87221944,2349,2348,1175,88.8995259043472
381583.28411818,6552269.44342742,2352,2348,1176,71.261178418713
381583.28411818,6552269.44342742,2352,2237,1177,334.973552708383
381583.28411818,6552269.44342742,2352,2356,1178,69.6319109959522
381583.28411818,6552269.44342742,2352,2703,1353,680.623127101974
381652.81839534,6552273.12952690,2356,2352,1178,69.6319109959522
381652.81839534,6552273.12952690,2356,2243,1179,336.819372827165
381652.81839534,6552273.12952690,2356,2360,1180,67.8731815769286
381652.81839534,6552273.12952690,2356,2411,1206,81.9421572174055
381720.59561252,6552276.73751917,2360,2356,1180,67.8731815769286
381720.59561252,6552276.73751917,2360,2245,1181,333.939018254516
381720.59561252,6552276.73751917,2360,2643,1322,569.609923775011
351541.16339124,6552271.39895519,2363,2364,1182,48.3767116727677
351589.16858097,6552277.38293312,2364,2363,1182,48.3767116727677
351589.16858097,6552277.38293312,2364,2255,1183,304.959488625289
351589.16858097,6552277.38293312,2364,2368,1184,107.095098033085
351589.16858097,6552277.38293312,2364,2426,1213,137.395704381561
351695.44024616,6552290.63786424,2368,2364,1184,107.095098033085
351695.44024616,6552290.63786424,2368,2257,1185,305.127494587859
351695.44024616,6552290.63786424,2368,2372,1186,102.20327125822
351695.44024616,6552290.63786424,2368,2426,1214,79.9914823860518
351796.85706200,6552303.29243346,2372,2368,1186,102.20327125822
351796.85706200,6552303.29243346,2372,2266,1187,311.32955527158
351796.85706200,6552303.29243346,2372,2378,1189,15.1471310610666
352864.10432150,6552312.53132585,2376,2114,1188,466.302245311953
352864.10432150,6552312.53132585,2376,2379,1190,99.2225006121183
352864.10432150,6552312.53132585,2376,2443,1223,76.4120334518672
351803.70287780,6552316.80429438,2378,2372,1189,15.1471310610666
351803.70287780,6552316.80429438,2378,2443,1222,1059.62166585772
351803.70287780,6552316.80429438,2378,2452,1227,109.452832724926
351803.70287780,6552316.80429438,2378,2488,1244,204.382848834022
352963.04739838,6552319.97257340,2379,2376,1190,99.2225006121183
352963.04739838,6552319.97257340,2379,2263,1191,331.635754650591
352963.04739838,6552319.97257340,2379,2385,1193,71.6934418826346
352963.04739838,6552319.97257340,2379,2455,1228,136.845027367294
381087.39106968,6552323.05022102,2383,2318,1192,79.8209208835892
353034.53970949,6552325.33904909,2385,2379,1193,71.6934418826346
353034.53970949,6552325.33904909,2385,2270,1194,331.429547731553
353034.53970949,6552325.33904909,2385,2389,1195,70.1308142462894
353034.53970949,6552325.33904909,2385,2460,1231,136.550442000814
353104.47295167,6552330.59953806,2389,2385,1195,70.1308142462894
353104.47295167,6552330.59953806,2389,2274,1196,331.225109863317
353104.47295167,6552330.59953806,2389,2393,1197,68.5852855061767
353104.47295167,6552330.59953806,2389,2464,1233,136.26351019262
353172.86432668,6552335.75329519,2393,2389,1197,68.5852855061767
353172.86432668,6552335.75329519,2393,2276,1198,331.055711100977
353172.86432668,6552335.75329519,2393,2397,1199,71.0759403323936
353172.86432668,6552335.75329519,2393,2468,1235,135.968004178416
353243.74035208,6552341.08042559,2397,2393,1199,71.0759403323936
353243.74035208,6552341.08042559,2397,2278,1200,330.84949110643
353243.74035208,6552341.08042559,2397,2401,1201,69.7493720349172
353243.74035208,6552341.08042559,2397,2476,1239,135.666225102238
353313.29304531,6552346.31471287,2401,2397,1201,69.7493720349172
353313.29304531,6552346.31471287,2401,2280,1202,330.651644615894
353313.29304531,6552346.31471287,2401,2407,1204,72.4785774529585
353313.29304531,6552346.31471287,2401,2480,1241,135.37112573623
397280.57580237,6552349.75170796,2405,2305,1203,1960.07026468201
397280.57580237,6552349.75170796,2405,2450,1229,1963.33858546759
397280.57580237,6552349.75170796,2405,3039,1520,1468.87224538654
353385.56693111,6552351.75802268,2407,2401,1204,72.4785774529585
353385.56693111,6552351.75802268,2407,2282,1205,330.448102335063
353385.56693111,6552351.75802268,2407,2413,1207,84.4096220835614
353385.56693111,6552351.75802268,2407,2484,1243,135.097550377679
381648.93592915,6552354.97965571,2411,2356,1206,81.9421572174055
353469.73830784,6552358.09550161,2413,2407,1207,84.4096220835614
353469.73830784,6552358.09550161,2413,2284,1208,330.215514823331
353469.73830784,6552358.09550161,2413,2417,1209,48.6937935610235
353469.73830784,6552358.09550161,2413,2490,1246,134.726352679916
353518.28427536,6552361.88688249,2417,2413,1209,48.6937935610235
353518.28427536,6552361.88688249,2417,2288,1210,330.19851418033
353518.28427536,6552361.88688249,2417,2421,1211,69.6666495354161
353518.28427536,6552361.88688249,2417,2494,1248,135.024718988723
353587.73966830,6552367.30817832,2421,2417,1211,69.6666495354161
353587.73966830,6552367.30817832,2421,2290,1212,330.20064732026
353587.73966830,6552367.30817832,2421,2429,1215,72.2237185686867
353587.73966830,6552367.30817832,2421,2498,1250,135.458347319393
351690.23431832,6552370.45976330,2426,2364,1213,137.395704381561
351690.23431832,6552370.45976330,2426,2368,1214,79.9914823860518
351690.23431832,6552370.45976330,2426,2452,1226,112.814358623626
351690.23431832,6552370.45976330,2426,2523,1263,163.756110107467
353659.74393308,6552372.93413398,2429,2421,1215,72.2237185686867
353659.74393308,6552372.93413398,2429,2292,1216,330.204477850078
353659.74393308,6552372.93413398,2429,2433,1217,70.5377066789799
353659.74393308,6552372.93413398,2429,2506,1254,135.895531381619
353730.06759617,6552378.42507866,2433,2429,1217,70.5377066789799
353730.06759617,6552378.42507866,2433,2294,1218,330.193043762871
353730.06759617,6552378.42507866,2433,2437,1219,66.8558251941077
353730.06759617,6552378.42507866,2433,2512,1257,136.384528165878
353796.72018450,6552383.63409307,2437,2433,1219,66.8558251941077
353796.72018450,6552383.63409307,2437,2296,1220,330.190382844362
353796.72018450,6552383.63409307,2437,2447,1224,67.7739013960738
353796.72018450,6552383.63409307,2437,2516,1259,136.772335474014
403619.10745045,6552387.82311604,2442,2304,1221,195.43922545169
352856.99210921,6552388.61164718,2443,2378,1222,1059.62166585772
352856.99210921,6552388.61164718,2443,2376,1223,76.4120334518672
352856.99210921,6552388.61164718,2443,2646,1323,462.694415913424
353864.28757936,6552388.92076150,2447,2437,1224,67.7739013960738
395417.54353573,6552397.90089775,2450,1730,1225,1956.36903468846
395417.54353573,6552397.90089775,2450,2405,1229,1963.33858546759
395417.54353573,6552397.90089775,2450,3208,1604,1999.73844451824
351788.85302046,6552425.24508158,2452,2426,1226,112.814358623626
351788.85302046,6552425.24508158,2452,2378,1227,109.452832724926
351788.85302046,6552425.24508158,2452,2531,1267,114.76776980372
351788.85302046,6552425.24508158,2452,2537,1270,195.43146479527
352953.37469801,6552456.47532203,2455,2379,1228,136.845027367294
352953.37469801,6552456.47532203,2455,2460,1230,71.6176537236552
352953.37469801,6552456.47532203,2455,2521,1261,70.2434727104876
353024.81285909,6552461.54261583,2460,2455,1230,71.6176537236552
353024.81285909,6552461.54261583,2460,2385,1231,136.550442000814
353024.81285909,6552461.54261583,2460,2464,1232,70.6036763202353
353095.23875782,6552466.54980056,2464,2460,1232,70.6036763202353
353095.23875782,6552466.54980056,2464,2389,1233,136.26351019262
353095.23875782,6552466.54980056,2464,2468,1234,67.4078531345289
353162.47733266,6552471.32397239,2468,2464,1234,67.4078531345289
353162.47733266,6552471.32397239,2468,2393,1235,135.968004178416
353162.47733266,6552471.32397239,2468,2476,1238,72.7062792037038
334003.57495144,6552475.96212222,2471,2472,1236,111.67189533502
334003.57495144,6552475.96212222,2471,2473,1237,990.278361862147
334003.57495144,6552475.96212222,2471,3405,1703,2605.7386343394
333986.27027204,6552365.67851760,2472,2471,1236,111.67189533502
334899.31098694,6552099.80929615,2473,2471,1237,990.278361862147
353235.00163044,6552476.46491280,2476,2468,1238,72.7062792037038
353235.00163044,6552476.46491280,2476,2397,1239,135.666225102238
353235.00163044,6552476.46491280,2476,2480,1240,68.7339211765099
353303.56275275,6552481.33568565,2480,2476,1240,68.7339211765099
353303.56275275,6552481.33568565,2480,2401,1241,135.37112573623
353303.56275275,6552481.33568565,2480,2484,1242,69.8183844868982
353373.20521999,6552486.28882293,2484,2480,1242,69.8183844868982
353373.20521999,6552486.28882293,2484,2407,1243,135.097550377679
353373.20521999,6552486.28882293,2484,2490,1245,85.5725891239223
351910.35882297,6552491.15124232,2488,2378,1244,204.382848834022
351910.35882297,6552491.15124232,2488,2541,1272,69.7447750796772
353458.56234621,6552492.35751406,2490,2484,1245,85.5725891239223
353458.56234621,6552492.35751406,2490,2413,1246,134.726352679916
353458.56234621,6552492.35751406,2490,2494,1247,49.4841021737243
353458.56234621,6552492.35751406,2490,2546,1274,73.3833020747536
353507.87195076,6552496.50953376,2494,2490,1247,49.4841021737243
353507.87195076,6552496.50953376,2494,2417,1248,135.024718988723
353507.87195076,6552496.50953376,2494,2498,1249,70.1892589908024
353577.81340402,6552502.40234228,2498,2494,1249,70.1892589908024
353577.81340402,6552502.40234228,2498,2421,1250,135.458347319393
353577.81340402,6552502.40234228,2498,2506,1253,70.882693279465
402047.88648925,6552506.02055304,2502,2332,1251,285.896783173989
402047.88648925,6552506.02055304,2502,2304,1252,1682.45372750253
402047.88648925,6552506.02055304,2502,2816,1408,2398.03052269831
402047.88648925,6552506.02055304,2502,3234,1617,2541.10175427537
353648.44535524,6552508.35915969,2506,2498,1253,70.882693279465
353648.44535524,6552508.35915969,2506,2429,1254,135.895531381619
353648.44535524,6552508.35915969,2506,2512,1256,66.7704815742038
381225.51689372,6552509.75144939,2510,2328,1255,260.108381197543
381225.51689372,6552509.75144939,2510,2527,1264,61.752446079558
381225.51689372,6552509.75144939,2510,2560,1281,146.325210908881
353714.97946876,6552513.97244284,2512,2506,1256,66.7704815742038
353714.97946876,6552513.97244284,2512,2433,1257,136.384528165878
353714.97946876,6552513.97244284,2512,2516,1258,73.0826388558784
353787.80347182,6552520.11546171,2516,2512,1258,73.0826388558784
353787.80347182,6552520.11546171,2516,2437,1259,136.772335474014
353787.80347182,6552520.11546171,2516,2520,1260,60.6298973601968
353848.21920101,6552525.20703521,2520,2516,1260,60.6298973601968
352948.30716914,6552526.53576458,2521,2455,1261,70.2434727104876
352948.30716914,6552526.53576458,2521,2536,1268,277.40889462975
352948.30716914,6552526.53576458,2521,2551,1276,68.2268039768022
351679.58526537,6552533.86925283,2523,2524,1262,908.459305446647
351679.58526537,6552533.86925283,2523,2426,1263,163.756110107467
351679.58526537,6552533.86925283,2523,2531,1266,99.4928075271538
351679.58526537,6552533.86925283,2523,2579,1290,251.228328969853
351472.90636025,6551956.35978894,2524,2523,1262,908.459305446647
381281.44217609,6552535.93784639,2527,2510,1264,61.752446079558
381281.44217609,6552535.93784639,2527,2336,1265,284.207500110952
381281.44217609,6552535.93784639,2527,2635,1319,352.28756187423
381281.44217609,6552535.93784639,2527,2677,1340,420.775481768421
351778.91394714,6552539.58167155,2531,2523,1266,99.4928075271538
351778.91394714,6552539.58167155,2531,2452,1267,114.76776980372
351778.91394714,6552539.58167155,2531,2537,1269,158.45933963332
353224.85463874,6552548.38048658,2536,2521,1268,277.40889462975
353224.85463874,6552548.38048658,2536,2546,1273,228.260661823935
353224.85463874,6552548.38048658,2536,2556,1279,63.8523469215265
351937.11127002,6552548.69042286,2537,2531,1269,158.45933963332
351937.11127002,6552548.69042286,2537,2452,1270,195.43146479527
351937.11127002,6552548.69042286,2537,2541,1271,11.6795196362198
351948.77130581,6552549.36477007,2541,2537,1271,11.6795196362198
351948.77130581,6552549.36477007,2541,2488,1272,69.7447750796772
351948.77130581,6552549.36477007,2541,2839,1420,891.474416104617
353452.47333505,6552565.48776065,2546,2536,1273,228.260661823935
353452.47333505,6552565.48776065,2546,2490,1274,73.3833020747536
353452.47333505,6552565.48776065,2546,2550,1275,203.732597147218
353452.47333505,6552565.48776065,2546,2564,1283,66.4824000444095
353655.35386099,6552584.10128617,2550,2546,1275,203.732597147218
353655.35386099,6552584.10128617,2550,2554,1277,206.731535053913
353655.35386099,6552584.10128617,2550,2568,1285,64.9251272263837
352943.38055973,6552594.58446258,2551,2521,1276,68.2268039768022
352943.38055973,6552594.58446258,2551,2556,1278,276.675506191947
352943.38055973,6552594.58446258,2551,2571,1286,66.1196763597908
353861.61134830,6552598.09330232,2554,2550,1277,206.731535053913
353219.50686921,6552612.00849589,2556,2551,1278,276.675506191947
353219.50686921,6552612.00849589,2556,2536,1279,63.8523469215265
353219.50686921,6552612.00849589,2556,2564,1282,228.306089611009
353219.50686921,6552612.00849589,2556,2576,1289,66.298681409435
381144.02110753,6552630.75112534,2560,2326,1280,384.095537800491
381144.02110753,6552630.75112534,2560,2510,1281,146.325210908881
381144.02110753,6552630.75112534,2560,2598,1300,130.342908642617
353446.95861607,6552631.74104276,2564,2556,1282,228.306089611009
353446.95861607,6552631.74104276,2564,2546,1283,66.4824000444095
353446.95861607,6552631.74104276,2564,2568,1284,202.427605927687
353446.95861607,6552631.74104276,2564,2582,1292,65.8763336032408
353648.67608375,6552648.68208390,2568,2564,1284,202.427605927687
353648.67608375,6552648.68208390,2568,2550,1285,64.9251272263837
353648.67608375,6552648.68208390,2568,2574,1287,215.256532543812
353648.67608375,6552648.68208390,2568,2586,1294,64.0251833093194
352938.60860407,6552660.53171454,2571,2551,1286,66.1196763597908
352938.60860407,6552660.53171454,2571,2576,1288,275.90432244712
352938.60860407,6552660.53171454,2571,2595,1298,65.0996361770472
353863.41133120,6552663.65366706,2574,2568,1287,215.256532543812
353213.95466533,6552678.07428271,2576,2571,1288,275.90432244712
353213.95466533,6552678.07428271,2576,2556,1289,66.298681409435
353213.95466533,6552678.07428271,2576,2582,1291,228.359364624293
353213.95466533,6552678.07428271,2576,2614,1308,67.611681483485
351769.50214412,6552684.66244873,2579,2523,1290,251.228328969853
353441.49561641,6552697.39046746,2582,2576,1291,228.359364624293
353441.49561641,6552697.39046746,2582,2564,1292,65.8763336032408
353441.49561641,6552697.39046746,2582,2586,1293,201.153294795608
353441.49561641,6552697.39046746,2582,2618,1310,68.2217706039044
353642.09055940,6552712.36767856,2586,2582,1293,201.153294795608
353642.09055940,6552712.36767856,2586,2568,1294,64.0251833093194
353642.09055940,6552712.36767856,2586,2594,1297,196.457274259553
353642.09055940,6552712.36767856,2586,2622,1312,69.1095282239845
350573.57817628,6552714.85778957,2590,2309,1295,559.293521268513
350573.57817628,6552714.85778957,2590,2627,498242,14.3611707852359
380751.72098305,6552715.67111293,2592,2312,1296,510.372001511761
380751.72098305,6552715.67111293,2592,2601,1301,178.488681822984
380751.72098305,6552715.67111293,2592,2793,1398,481.502774543709
353838.16685829,6552724.59656337,2594,2586,1297,196.457274259553
352933.91251623,6552725.46174911,2595,2571,1298,65.0996361770472
352933.91251623,6552725.46174911,2595,2614,1307,275.106838119004
352933.91251623,6552725.46174911,2595,2625,1313,64.7188174003193
381077.89566533,6552523.04203109,2597,2598,1299,212.169795342414
381065.58801160,6552734.85455130,2598,2597,1299,212.169795342414
381065.58801160,6552734.85455130,2598,2560,1300,130.342908642617
381065.58801160,6552734.85455130,2598,2609,1306,21.5520198835168
380927.94390713,6552735.59529329,2601,2592,1301,178.488681822984
380927.94390713,6552735.59529329,2601,2603,1302,390.843764010838
380927.94390713,6552735.59529329,2601,2605,1303,66.9344617977212
380946.25289799,6552345.18060514,2603,2601,1302,390.843764010838
380994.69155030,6552740.59272348,2605,2601,1303,66.9344617977212
380994.69155030,6552740.59272348,2605,2314,1304,501.673740413924
380994.69155030,6552740.59272348,2605,2609,1305,52.7597593505595
381047.30359582,6552744.53795767,2609,2605,1305,52.7597593505595
381047.30359582,6552744.53795767,2609,2598,1306,21.5520198835168
381047.30359582,6552744.53795767,2609,2635,1318,99.8753632356921
353208.29237031,6552745.44844607,2614,2595,1307,275.106838119004
353208.29237031,6552745.44844607,2614,2576,1308,67.611681483485
353208.29237031,6552745.44844607,2614,2618,1309,228.414334934813
353208.29237031,6552745.44844607,2614,2632,1317,68.7567586105038
353435.83568316,6552765.37704805,2618,2614,1309,228.414334934813
353435.83568316,6552765.37704805,2618,2582,1310,68.2217706039044
353435.83568316,6552765.37704805,2618,2622,1311,199.77258371906
353435.83568316,6552765.37704805,2618,2640,1321,69.6246057759996
353634.98768710,6552781.11123169,2622,2618,1311,199.77258371906
353634.98768710,6552781.11123169,2622,2586,1312,69.1095282239845
353634.98768710,6552781.11123169,2622,2630,1315,206.661461423701
353634.98768710,6552781.11123169,2622,2648,1325,71.9117721478144
352929.24222555,6552790.01183595,2625,2595,1313,64.7188174003193
352929.24222555,6552790.01183595,2625,2632,1316,274.336121942809
352929.24222555,6552790.01183595,2625,2652,1327,68.8653641956039
350563.19847383,6552724.78275826,2627,2628,1314,113.964977202242
350563.19847383,6552724.78275826,2627,2590,498242,14.3611707852359
350476.91361601,6552792.97433994,2628,2627,1314,113.964977202242
353840.96799218,6552797.87648020,2630,2622,1315,206.661461423701
353202.53077533,6552813.96337786,2632,2625,1316,274.336121942809
353202.53077533,6552813.96337786,2632,2614,1317,68.7567586105038
353202.53077533,6552813.96337786,2632,2640,1320,228.475380821673
353202.53077533,6552813.96337786,2632,2658,1330,68.2177193371559
381087.58309083,6552828.99345921,2635,2609,1318,99.8753632356921
381087.58309083,6552828.99345921,2635,2527,1319,352.28756187423
381087.58309083,6552828.99345921,2635,2661,1331,64.3785410925336
353430.05756210,6552834.76147748,2640,2632,1320,228.475380821673
353430.05756210,6552834.76147748,2640,2618,1321,69.6246057759996
353430.05756210,6552834.76147748,2640,2648,1324,198.340352293811
353430.05756210,6552834.76147748,2640,2666,1334,66.8417119671489
381686.21646640,6552845.30900947,2643,2360,1322,569.609923775011
381686.21646640,6552845.30900947,2643,2663,1332,693.43489033292
381686.21646640,6552845.30900947,2643,2671,1336,70.5362228938941
352822.00709058,6552849.98153240,2646,2443,1323,462.694415913424
352822.00709058,6552849.98153240,2646,2652,1326,102.636064042006
352822.00709058,6552849.98153240,2646,2896,1448,637.226535203179
353627.59034266,6552852.64152086,2648,2640,1324,198.340352293811
353627.59034266,6552852.64152086,2648,2622,1325,71.9117721478144
353627.59034266,6552852.64152086,2648,2656,1328,202.371110714971
353627.59034266,6552852.64152086,2648,2674,1338,65.9707709381136
352924.27238862,6552858.69763584,2652,2646,1326,102.636064042006
352924.27238862,6552858.69763584,2652,2625,1327,68.8653641956039
352924.27238862,6552858.69763584,2652,2658,1329,273.534696140406
352924.27238862,6552858.69763584,2652,2681,1341,70.1402073674975
353829.46799182,6552866.76530298,2656,2648,1328,202.371110714971
353196.81771537,6552881.94144916,2658,2652,1329,273.534696140406
353196.81771537,6552881.94144916,2658,2632,1330,68.2177193371559
353196.81771537,6552881.94144916,2658,2666,1333,228.521778782954
353196.81771537,6552881.94144916,2658,2708,1355,67.6095571777565
381064.24823508,6552888.05050957,2661,2635,1331,64.3785410925336
381064.24823508,6552888.05050957,2661,2669,1335,29.4194639345242
381064.24823508,6552888.05050957,2661,2695,1348,52.4052877015378
382378.24847186,6552889.39586170,2663,2643,1332,693.43489033292
382378.24847186,6552889.39586170,2663,2719,1361,71.7507188278764
353424.51187092,6552901.37273604,2666,2658,1333,228.521778782954
353424.51187092,6552901.37273604,2666,2640,1334,66.8417119671489
353424.51187092,6552901.37273604,2666,2674,1337,197.023785480723
353424.51187092,6552901.37273604,2666,2724,1363,65.3836306610334
381076.79895063,6552914.65848577,2669,2661,1335,29.4194639345242
381076.79895063,6552914.65848577,2669,2677,1339,118.959150494962
381076.79895063,6552914.65848577,2669,2695,1349,34.9626226510245
381681.71649033,6552915.70154427,2671,2643,1336,70.5362228938941
381681.71649033,6552915.70154427,2671,2715,1359,43.8769446325838
381681.71649033,6552915.70154427,2671,2719,1360,705.452696832162
353620.81034803,6552918.26296774,2674,2666,1337,197.023785480723
353620.81034803,6552918.26296774,2674,2648,1338,65.9707709381136
353620.81034803,6552918.26296774,2674,2690,1345,221.646194083035
353620.81034803,6552918.26296774,2674,2730,1366,66.8207497676592
381195.64550549,6552919.83302775,2677,2669,1339,118.959150494962
381195.64550549,6552919.83302775,2677,2527,1340,420.775481768421
381195.64550549,6552919.83302775,2677,2683,1342,124.14033295558
352918.19571797,6552928.57411803,2681,2652,1341,70.1402073674975
352918.19571797,6552928.57411803,2681,2708,1354,273.764623764573
352918.19571797,6552928.57411803,2681,2735,1368,65.3359382619067
381319.26403731,6552931.20320176,2683,2677,1342,124.14033295558
381319.26403731,6552931.20320176,2683,2685,1343,18.5777236905339
381319.26403731,6552931.20320176,2683,2737,1369,69.4831104808786
381337.78484836,6552932.65625909,2685,2683,1343,18.5777236905339
381337.78484836,6552932.65625909,2685,2340,1344,675.306405376207
381337.78484836,6552932.65625909,2685,2691,1346,67.2272018610785
353841.63926180,6552937.27943945,2690,2674,1345,221.646194083035
381404.80569416,6552937.91961332,2691,2685,1346,67.2272018610785
381404.80569416,6552937.91961332,2691,2344,1347,677.001728701061
381404.80569416,6552937.91961332,2691,2699,1350,73.130912513032
381052.32590155,6552938.02803809,2695,2661,1348,52.4052877015378
381052.32590155,6552938.02803809,2695,2669,1349,34.9626226510245
381052.32590155,6552938.02803809,2695,2800,1401,394.081250684723
381477.71103364,6552943.65911166,2699,2691,1350,73.130912513032
381477.71103364,6552943.65911166,2699,2348,1351,678.878904356942
381477.71103364,6552943.65911166,2699,2703,1352,69.3825252488149
381546.88049982,6552949.09232039,2703,2699,1352,69.3825252488149
381546.88049982,6552949.09232039,2703,2352,1353,680.623127101974
381546.88049982,6552949.09232039,2703,2711,1356,70.4620068420639
353191.17352848,6552949.31500017,2708,2681,1354,273.764623764573
353191.17352848,6552949.31500017,2708,2658,1355,67.6095571777565
353191.17352848,6552949.31500017,2708,2724,1362,229.031853286047
353191.17352848,6552949.31500017,2708,2741,1372,66.2184532727954
381617.12478449,6552954.62719888,2711,2703,1356,70.4620068420639
381617.12478449,6552954.62719888,2711,2713,1357,203.510423154964
381617.12478449,6552954.62719888,2711,2715,1358,61.9818048375494
381628.13949281,6552751.41507194,2713,2711,1357,203.510423154964
381678.91561722,6552959.48900115,2715,2711,1358,61.9818048375494
381678.91561722,6552959.48900115,2715,2671,1359,43.8769446325838
381678.91561722,6552959.48900115,2715,2733,1367,25.6527547812193
382385.72902063,6552960.75556351,2719,2671,1360,705.452696832162
382385.72902063,6552960.75556351,2719,2663,1361,71.7507188278764
382385.72902063,6552960.75556351,2719,2753,1378,70.4773602825801
353419.55460897,6552966.56817080,2724,2708,1362,229.031853286047
353419.55460897,6552966.56817080,2724,2666,1363,65.3836306610334
353419.55460897,6552966.56817080,2724,2730,1365,198.535058502317
353419.55460897,6552966.56817080,2724,2757,1380,67.0656690288434
333807.84880592,6552975.98788656,2727,2728,1364,36.7271708345286
333807.84880592,6552975.98788656,2727,2749,1375,65.3451213430323
333807.84880592,6552975.98788656,2727,2752,1376,76.7111603361553
333781.78533340,6552950.11163338,2728,2727,1364,36.7271708345286
353617.23334514,6552984.98790798,2730,2724,1365,198.535058502317
353617.23334514,6552984.98790798,2730,2674,1366,66.8207497676592
353617.23334514,6552984.98790798,2730,2740,1370,212.380506017416
353617.23334514,6552984.98790798,2730,2761,1382,64.2260370768907
381677.27739695,6552985.08939299,2733,2715,1367,25.6527547812193
381677.27739695,6552985.08939299,2733,2746,1374,38.4286967304042
381677.27739695,6552985.08939299,2733,2753,1377,717.256787987328
352912.53177115,6552993.66409065,2735,2681,1368,65.3359382619067
352912.53177115,6552993.66409065,2735,2741,1371,273.966796875922
381313.27871694,6553000.42804255,2737,2683,1369,69.4831104808786
381313.27871694,6553000.42804255,2737,2746,1373,362.277174262461
381313.27871694,6553000.42804255,2737,2769,1385,69.472040486631
353828.96589792,6553001.56516438,2740,2730,1370,212.380506017416
353185.64274392,6553015.30207448,2741,2735,1371,273.966796875922
353185.64274392,6553015.30207448,2741,2708,1372,66.2184532727954
353185.64274392,6553015.30207448,2741,2757,1379,229.54193032349
381674.82430741,6553023.43971351,2746,2737,1373,362.277174262461
381674.82430741,6553023.43971351,2746,2733,1374,38.4286967304042
381674.82430741,6553023.43971351,2746,2765,1383,34.1100130830926
333850.03848680,6553025.88794377,2749,2727,1375,65.3451213430323
333754.20570097,6553028.95267933,2752,2727,1376,76.7111603361553
382393.07299328,6553030.84924638,2753,2733,1377,717.256787987328
382393.07299328,6553030.84924638,2753,2719,1378,70.4773602825801
382393.07299328,6553030.84924638,2753,2779,1391,73.7276031585178
353414.46689559,6553033.44058017,2757,2741,1379,229.54193032349
353414.46689559,6553033.44058017,2757,2724,1380,67.0656690288434
353414.46689559,6553033.44058017,2757,2761,1381,199.941501560127
353613.79252417,6553049.12171022,2761,2757,1381,199.941501560127
353613.79252417,6553049.12171022,2761,2730,1382,64.2260370768907
353613.79252417,6553049.12171022,2761,2767,1384,213.933696906816
381672.65062710,6553057.48039662,2765,2746,1383,34.1100130830926
381672.65062710,6553057.48039662,2765,2776,1389,35.8669625067524
381672.65062710,6553057.48039662,2765,2779,1390,729.607790874318
353827.06670253,6553065.90716565,2767,2761,1384,213.933696906816
381307.29335869,6553069.64176876,2769,2737,1385,69.472040486631
381307.29335869,6553069.64176876,2769,2776,1388,363.83425570103
359510.17216738,6553078.28560320,2771,2772,1386,154.341742413491
359510.17216738,6553078.28560320,2771,2772,1387,220.14091380847
359510.17216738,6553078.28560320,2771,2897,1449,407.79273704496
359505.56990209,6552924.01249276,2772,2771,1386,154.341742413491
359505.56990209,6552924.01249276,2772,2771,1387,220.14091380847
381670.35930145,6553093.27409475,2776,2769,1388,363.83425570103
381670.35930145,6553093.27409475,2776,2765,1389,35.8669625067524
381670.35930145,6553093.27409475,2776,2783,1392,32.6672969645463
382400.76268353,6553104.17474080,2779,2765,1390,729.607790874318
382400.76268353,6553104.17474080,2779,2753,1391,73.7276031585178
382400.76268353,6553104.17474080,2779,2787,1395,69.5730583754802
381668.27300988,6553125.87470331,2783,2776,1392,32.6672969645463
381668.27300988,6553125.87470331,2783,2787,1394,741.265629580791
381668.27300988,6553125.87470331,2783,2803,1402,73.5346764727372
379100.12374169,6553163.02953280,2785,2786,1393,1360.4231219545
379100.12374169,6553163.02953280,2785,2807,1404,388.054766143694
379100.12374169,6553163.02953280,2785,2936,1468,826.073931350499
379264.31196456,6551900.78106667,2786,2785,1393,1360.4231219545
382408.01556808,6553173.36871537,2787,2783,1394,741.265629580791
382408.01556808,6553173.36871537,2787,2779,1395,69.5730583754802
382408.01556808,6553173.36871537,2787,2819,1410,74.2073052016812
380674.05557084,6553191.10847584,2791,2792,1396,82.4481917110696
380674.05557084,6553191.10847584,2791,2793,1397,59.1580529983133
380674.05557084,6553191.10847584,2791,3148,1575,1009.64289312407
380591.68315822,6553187.57436293,2792,2791,1396,82.4481917110696
380591.68315822,6553187.57436293,2792,2828,1414,580.884397732359
380591.68315822,6553187.57436293,2792,3135,1568,990.935624665206
380733.15882035,6553193.65428277,2793,2791,1397,59.1580529983133
380733.15882035,6553193.65428277,2793,2592,1398,481.502774543709
380733.15882035,6553193.65428277,2793,2798,1399,14.4305463197359
380747.55471536,6553194.65371949,2798,2793,1399,14.4305463197359
380747.55471536,6553194.65371949,2798,2800,1400,23.5117426847958
380747.55471536,6553194.65371949,2798,3158,1580,1012.24846689653
380771.00984472,6553196.28434843,2800,2798,1400,23.5117426847958
380771.00984472,6553196.28434843,2800,2695,1401,394.081250684723
380771.00984472,6553196.28434843,2800,2806,1403,49.2564314032258
381663.58009150,6553199.25947803,2803,2783,1402,73.5346764727372
381663.58009150,6553199.25947803,2803,2821,1411,747.909459447254
381663.58009150,6553199.25947803,2803,2829,1415,250.771856507765
381663.58009150,6553199.25947803,2803,2831,1416,75.8614049849646
380820.14851936,6553199.68827106,2806,2800,1403,49.2564314032258
380820.14851936,6553199.68827106,2806,2812,1406,73.5567985097427
380820.14851936,6553199.68827106,2806,3164,1583,1013.3992389471
379486.19708985,6553201.59468414,2807,2785,1404,388.054766143694
379486.19708985,6553201.59468414,2807,1862,1405,2338.44700967104
379486.19708985,6553201.59468414,2807,2826,1413,467.063150142799
380893.52903822,6553204.77767769,2812,2806,1406,73.5567985097427
380893.52903822,6553204.77767769,2812,2814,1407,73.5908452433385
380893.52903822,6553204.77767769,2812,3176,1589,1014.88830932632
380966.94366224,6553209.86742057,2814,2812,1407,73.5908452433385
380966.94366224,6553209.86742057,2814,2818,1409,54.4085768573605
380966.94366224,6553209.86742057,2814,3182,1592,1016.13874811555
399835.14701051,6553215.18347561,2816,2502,1408,2398.03052269831
399835.14701051,6553215.18347561,2816,2869,1435,452.901083494314
399835.14701051,6553215.18347561,2816,2879,1441,576.564607600718
381011.47476804,6553241.12880014,2818,2814,1409,54.4085768573605
381011.47476804,6553241.12880014,2818,2834,1417,52.603503525701
381011.47476804,6553241.12880014,2818,3188,1595,987.227309398579
382415.74823907,6553247.17203470,2819,2787,1410,74.2073052016812
382415.74823907,6553247.17203470,2819,2821,1412,9.5456864829524
382409.45769184,6553254.35180810,2821,2803,1411,747.909459447254
382409.45769184,6553254.35180810,2821,2819,1412,9.5456864829524
382409.45769184,6553254.35180810,2821,2841,1422,66.792276782274
379947.33992564,6553254.40937384,2826,2807,1413,467.063150142799
380032.74267504,6553254.77025205,2828,2792,1414,580.884397732359
381426.21804158,6553267.49707204,2829,2803,1415,250.771856507765
381426.21804158,6553267.49707204,2829,2836,1418,232.543626529355
381426.21804158,6553267.49707204,2829,2845,1423,128.547959068851
381658.74153014,6553274.96642019,2831,2803,1416,75.8614049849646
381658.74153014,6553274.96642019,2831,2836,1419,4.32976985226123
381658.74153014,6553274.96642019,2831,2841,1421,759.208550106659
381050.22397130,6553276.70446358,2834,2818,1417,52.603503525701
381050.22397130,6553276.70446358,2834,2856,1428,187.566934627155
381050.22397130,6553276.70446358,2834,2860,1430,105.765950283984
381658.46259205,6553279.28719564,2836,2829,1418,232.543626529355
381658.46259205,6553279.28719564,2836,2831,1419,4.32976985226123
381658.46259205,6553279.28719564,2836,2847,1424,65.8262139535691
352428.37231821,6553300.83632873,2839,2541,1420,891.474416104617
352428.37231821,6553300.83632873,2839,2955,1478,427.053648052637
352428.37231821,6553300.83632873,2839,2961,1481,433.842422755005
382416.56746595,6553320.76460317,2841,2831,1421,759.208550106659
382416.56746595,6553320.76460317,2841,2821,1422,66.792276782274
382416.56746595,6553320.76460317,2841,2865,1434,71.7738024590405
381311.43876527,6553325.37880932,2845,2829,1423,128.547959068851
381311.43876527,6553325.37880932,2845,2852,1426,343.395723549098
381311.43876527,6553325.37880932,2845,2856,1429,109.943395146158
381654.26578051,6553344.97948755,2847,2836,1424,65.8262139535691
381654.26578051,6553344.97948755,2847,2852,1427,5.41444112511193
381654.26578051,6553344.97948755,2847,2865,1433,771.384348448496
357092.11644050,6553348.34625043,2849,2850,1425,913.262571714896
357092.11644050,6553348.34625043,2849,2878,1439,750.814917716469
357092.11644050,6553348.34625043,2849,3143,1573,1468.05225107067
357175.95582837,6552439.77540337,2850,2849,1425,913.262571714896
381653.92294041,6553350.38306353,2852,2845,1426,343.395723549098
381653.92294041,6553350.38306353,2852,2847,1427,5.41444112511193
381653.92294041,6553350.38306353,2852,2871,1436,63.2982824386152
381212.29988417,6553371.11184376,2856,2834,1428,187.566934627155
381212.29988417,6553371.11184376,2856,2845,1429,109.943395146158
381212.29988417,6553371.11184376,2856,2862,1432,19.6627900981826
381020.05597950,6553377.23550453,2860,2834,1430,105.765950283984
381020.05597950,6553377.23550453,2860,2862,1431,192.5175770756
381020.05597950,6553377.23550453,2860,2888,1444,74.3396745745013
381212.09695901,6553390.77358671,2862,2860,1431,192.5175770756
381212.09695901,6553390.77358671,2862,2856,1432,19.6627900981826
381212.09695901,6553390.77358671,2862,2874,1437,438.361770097049
382424.20771714,6553392.13059844,2865,2847,1433,771.384348448496
382424.20771714,6553392.13059844,2865,2841,1434,71.7738024590405
382424.20771714,6553392.13059844,2865,2889,1446,70.265929103648
400220.36235133,6553402.89582859,2869,2816,1435,452.901083494314
381649.88325693,6553413.55230855,2871,2852,1436,63.2982824386152
381649.88325693,6553413.55230855,2871,2874,1438,8.32312737864639
381649.88325693,6553413.55230855,2871,2889,1445,783.303305678934
381649.35518850,6553421.85866715,2874,2862,1437,438.361770097049
381649.35518850,6553421.85866715,2874,2871,1438,8.32312737864639
381649.35518850,6553421.85866715,2874,2893,1447,62.4596938580083
357725.87052040,6553265.71333677,2878,2849,1439,750.814917716469
399306.89872496,6553446.21192187,2879,2305,1440,1224.16113481799
399306.89872496,6553446.21192187,2879,2816,1441,576.564607600718
399306.89872496,6553446.21192187,2879,3039,1521,2001.66268466545
399306.89872496,6553446.21192187,2879,3250,1626,4071.60151281956
359709.69721756,6553446.72630244,2883,2884,1442,101.820066471612
359709.69721756,6553446.72630244,2883,2886,1443,2104.08825208002
359709.69721756,6553446.72630244,2883,2897,1450,188.263291739522
359683.97550080,6553348.20869374,2884,2883,1442,101.820066471612
361770.46528339,6553021.96477947,2886,2883,1443,2104.08825208002
380994.96249388,6553447.21195911,2888,2860,1444,74.3396745745013
380994.96249388,6553447.21195911,2888,2902,1451,651.445460906326
380994.96249388,6553447.21195911,2888,2908,1454,72.6288490734301
382431.68703557,6553461.99733294,2889,2871,1445,783.303305678934
382431.68703557,6553461.99733294,2889,2865,1446,70.265929103648
382431.68703557,6553461.99733294,2889,2913,1458,71.3274239093209
381645.36433068,6553484.19073282,2893,2874,1447,62.4596938580083
381645.36433068,6553484.19073282,2893,2902,1452,8.16682184036024
381645.36433068,6553484.19073282,2893,2913,1457,795.414242491992
352772.70883757,6553485.29775816,2896,2646,1448,637.226535203179
352772.70883757,6553485.29775816,2896,2906,1453,146.256340664983
352772.70883757,6553485.29775816,2896,2974,1487,218.617536459977
359525.53106308,6553485.78900283,2897,2771,1449,407.79273704496
359525.53106308,6553485.78900283,2897,2883,1450,188.263291739522
359525.53106308,6553485.78900283,2897,2937,1469,135.070383623874
381644.84291971,6553492.34089291,2902,2888,1451,651.445460906326
381644.84291971,6553492.34089291,2902,2893,1452,8.16682184036024
381644.84291971,6553492.34089291,2902,2921,1461,62.2579525466716
352917.87422870,6553503.12824899,2906,2896,1453,146.256340664983
352917.87422870,6553503.12824899,2906,2910,1455,136.894711982268
352917.87422870,6553503.12824899,2906,2976,1489,211.115589175285
380970.44458393,6553515.57731444,2908,2888,1454,72.6288490734301
380970.44458393,6553515.57731444,2908,2924,1462,671.538705584108
380970.44458393,6553515.57731444,2908,2930,1465,73.1788353287237
353053.43352185,6553522.20284486,2910,2906,1455,136.894711982268
353053.43352185,6553522.20284486,2910,2912,1456,127.521823013942
353053.43352185,6553522.20284486,2910,2984,1493,201.736843357846
353180.53890523,6553532.50026503,2912,2910,1456,127.521823013942
353180.53890523,6553532.50026503,2912,2918,1459,129.31978253993
353180.53890523,6553532.50026503,2912,2992,1497,200.462175921554
382439.28458869,6553532.91896989,2913,2893,1457,795.414242491992
382439.28458869,6553532.91896989,2913,2889,1458,71.3274239093209
382439.28458869,6553532.91896989,2913,2931,1467,70.3214503344868
353309.59857926,6553540.69823389,2918,2912,1459,129.31978253993
353309.59857926,6553540.69823389,2918,2920,1460,137.265594365677
353309.59857926,6553540.69823389,2918,2996,1499,201.534978315639
353446.24988486,6553553.66989827,2920,2918,1460,137.265594365677
353446.24988486,6553553.66989827,2920,2928,1464,136.663618996502
353446.24988486,6553553.66989827,2920,3010,1506,200.213005798521
381640.86899202,6553554.47188803,2921,2902,1461,62.2579525466716
381640.86899202,6553554.47188803,2921,2924,1463,4.82194092801058
381640.86899202,6553554.47188803,2921,2931,1466,807.346515186302
381640.55947617,6553559.28388494,2924,2908,1462,671.538705584108
381640.55947617,6553559.28388494,2924,2921,1463,4.82194092801058
381640.55947617,6553559.28388494,2924,2939,1470,65.0879409991175
353582.68356354,6553561.59429596,2928,2920,1464,136.663618996502
380945.74317260,6553584.46114576,2930,2908,1465,73.1788353287237
380945.74317260,6553584.46114576,2930,2942,1471,691.797116530526
380945.74317260,6553584.46114576,2930,2946,1473,71.0237324677856
382446.76525460,6553602.84139844,2931,2921,1466,807.346515186302
382446.76525460,6553602.84139844,2931,2913,1467,70.3214503344868
382446.76525460,6553602.84139844,2931,2957,1480,73.4157943792058
378446.19225458,6553615.21847314,2936,2785,1468,826.073931350499
378446.19225458,6553615.21847314,2936,3646,1824,5192.3954626598
359530.02172997,6553620.78471551,2937,2897,1469,135.070383623874
359530.02172997,6553620.78471551,2937,2948,1475,147.530606017255
359530.02172997,6553620.78471551,2937,3905,1953,7153.82121787409
381636.40958862,6553624.23939661,2939,2924,1470,65.0879409991175
381636.40958862,6553624.23939661,2939,2942,1472,5.07911369091728
381636.40958862,6553624.23939661,2939,2957,1479,819.797026080595
381636.08511538,6553629.30813541,2942,2930,1471,691.797116530526
381636.08511538,6553629.30813541,2942,2939,1472,5.07911369091728
381636.08511538,6553629.30813541,2942,2965,1483,64.7858732886461
380921.77047959,6553651.31681541,2946,2930,1473,71.0237324677856
380921.77047959,6553651.31681541,2946,2968,1484,711.455685005559
380921.77047959,6553651.31681541,2946,2972,1486,49.5614610916346
359371.40402970,6553587.67474638,2947,2948,1474,65.5494969431243
359371.40402970,6553587.67474638,2947,2951,1476,541.952331964161
359371.40402970,6553587.67474638,2947,2951,1477,337.864826823516
359385.75264552,6553651.63452885,2948,2947,1474,65.5494969431243
359385.75264552,6553651.63452885,2948,2937,1475,147.530606017255
359385.75264552,6553651.63452885,2948,2980,1491,336.799934006675
359385.75264552,6553651.63452885,2948,3029,1516,406.774038220572
359039.89358577,6553652.89335393,2951,2947,1476,541.952331964161
359039.89358577,6553652.89335393,2951,2947,1477,337.864826823516
359039.89358577,6553652.89335393,2951,2980,1490,68.5511109338495
352658.08540880,6553660.84565406,2955,2839,1478,427.053648052637
352658.08540880,6553660.84565406,2955,2961,1482,43.0353666724584
352658.08540880,6553660.84565406,2955,3013,1507,111.341642814338
382454.58105249,6553675.83997492,2957,2939,1479,819.797026080595
382454.58105249,6553675.83997492,2957,2931,1480,73.4157943792058
382454.58105249,6553675.83997492,2957,2999,1501,72.3991501382148
352619.08904436,6553675.89197635,2961,2839,1481,433.842422755005
352619.08904436,6553675.89197635,2961,2955,1482,43.0353666724584
352619.08904436,6553675.89197635,2961,3111,1556,413.567694832111
352619.08904436,6553675.89197635,2961,3214,1607,856.4501699532
381631.95478736,6553693.96221315,2965,2942,1483,64.7858732886461
381631.95478736,6553693.96221315,2965,2968,1485,3.83759665545034
381631.95478736,6553693.96221315,2965,2999,1500,832.07593145949
381631.70658227,6553697.79177478,2968,2946,1484,711.455685005559
381631.70658227,6553697.79177478,2968,2965,1485,3.83759665545034
381631.70658227,6553697.79177478,2968,3004,1503,51.6967832917768
380905.03827332,6553697.96841451,2972,2946,1486,49.5614610916346
380905.03827332,6553697.96841451,2972,3004,1502,725.196499560494
380905.03827332,6553697.96841451,2972,3020,1510,73.8240406314963
352755.60596591,6553703.24527255,2974,2896,1487,218.617536459977
352755.60596591,6553703.24527255,2974,2976,1488,147.481006683169
352755.60596591,6553703.24527255,2974,2990,1495,27.7337034108721
352902.71601972,6553713.69895135,2976,2974,1488,147.481006683169
352902.71601972,6553713.69895135,2976,2906,1489,211.115589175285
352902.71601972,6553713.69895135,2976,2984,1492,133.443335760751
359055.87258988,6553719.55613393,2980,2951,1490,68.5511109338495
359055.87258988,6553719.55613393,2980,2948,1491,336.799934006675
359055.87258988,6553719.55613393,2980,2988,1494,33.7515014579531
359055.87258988,6553719.55613393,2980,3029,1515,67.7366969859177
353035.82286223,6553723.16955513,2984,2976,1492,133.443335760751
353035.82286223,6553723.16955513,2984,2910,1493,201.736843357846
353035.82286223,6553723.16955513,2984,2992,1496,130.202573261438
359022.98768052,6553727.15525145,2988,2980,1494,33.7515014579531
359022.98768052,6553727.15525145,2988,3008,1504,145.374933415072
359022.98768052,6553727.15525145,2988,3028,1514,651.217650981102
352753.43662317,6553730.89400230,2990,2974,1495,27.7337034108721
352753.43662317,6553730.89400230,2990,3013,1508,41.3860788552965
352753.43662317,6553730.89400230,2990,3035,1519,79.1185431000401
353165.69696557,6553732.41224767,2992,2984,1496,130.202573261438
353165.69696557,6553732.41224767,2992,2912,1497,200.462175921554
353165.69696557,6553732.41224767,2992,2996,1498,135.684794851307
353301.03894401,6553742.05135686,2996,2992,1498,135.684794851307
353301.03894401,6553742.05135686,2996,2918,1499,201.534978315639
353301.03894401,6553742.05135686,2996,3010,1505,135.036967394133
353301.03894401,6553742.05135686,2996,3085,1543,359.559840432285
382462.28534135,6553747.82803555,2999,2965,1500,832.07593145949
382462.28534135,6553747.82803555,2999,2957,1501,72.3991501382148
382462.28534135,6553747.82803555,2999,3047,1525,74.9796205038649
381628.40987140,6553749.38333514,3004,2972,1502,725.196499560494
381628.40987140,6553749.38333514,3004,2968,1503,51.6967832917768
381628.40987140,6553749.38333514,3004,3017,1509,16.9826595951754
358879.98391157,6553753.27443762,3008,2988,1504,145.374933415072
358879.98391157,6553753.27443762,3008,3201,1601,540.616382933008
353435.58130542,6553753.59845827,3010,2996,1505,135.036967394133
353435.58130542,6553753.59845827,3010,2920,1506,200.213005798521
353435.58130542,6553753.59845827,3010,3022,1511,171.491146471961
353435.58130542,6553753.59845827,3010,3085,1544,213.919334438833
352719.09194151,6553753.98621660,3013,2955,1507,111.341642814338
352719.09194151,6553753.98621660,3013,2990,1508,41.3860788552965
352719.09194151,6553753.98621660,3013,3035,1518,64.8425897488342
381627.32429332,6553766.33126266,3017,3004,1509,16.9826595951754
381627.32429332,6553766.33126266,3017,3033,1517,575.561116914419
381627.32429332,6553766.33126266,3017,3044,1523,52.2000401713437
380880.12341902,6553767.46114082,3020,2972,1510,73.8240406314963
380880.12341902,6553767.46114082,3020,3044,1522,745.617830546498
380880.12341902,6553767.46114082,3020,3054,1527,73.813512427323
353606.44438115,6553768.26210952,3022,3010,1511,171.491146471961
354014.53795976,6553775.42584221,3023,3024,1512,38.7826989643777
354014.53795976,6553775.42584221,3023,3025,1513,451.581181770011
354014.53795976,6553775.42584221,3023,3069,1535,146.74080652877
353980.65348948,6553757.13616399,3024,3023,1512,38.7826989643777
353980.65348948,6553757.13616399,3024,3239,1620,728.843146112813
354360.75507431,6553525.61798444,3025,3023,1513,451.581181770011
358421.45129494,6553714.11305793,3028,2988,1514,651.217650981102
359068.03142100,6553786.19263252,3029,2980,1515,67.7366969859177
359068.03142100,6553786.19263252,3029,2948,1516,406.774038220572
359068.03142100,6553786.19263252,3029,3061,1531,128.063320546897
382201.56512875,6553805.29358066,3033,3017,1517,575.561116914419
382201.56512875,6553805.29358066,3033,3047,1524,269.246569829609
382201.56512875,6553805.29358066,3033,3055,1529,58.9126358027467
352752.24644017,6553809.71180018,3035,3013,1518,64.8425897488342
352752.24644017,6553809.71180018,3035,2990,1519,79.1185431000401
352752.24644017,6553809.71180018,3035,3096,1548,228.07131913932
397349.88365466,6553816.80175684,3039,2405,1520,1468.87224538654
397349.88365466,6553816.80175684,3039,2879,1521,2001.66268466545
397349.88365466,6553816.80175684,3039,3091,1546,160.222766276056
397349.88365466,6553816.80175684,3039,3208,1605,1563.99202267628
381623.99747804,6553818.42518259,3044,3020,1522,745.617830546498
381623.99747804,6553818.42518259,3044,3017,1523,52.2000401713437
381623.99747804,6553818.42518259,3044,3051,1526,8.39073185544904
382470.26890866,6553822.38141337,3047,3033,1524,269.246569829609
382470.26890866,6553822.38141337,3047,2999,1525,74.9796205038649
381623.46020319,6553826.79869540,3051,3044,1526,8.39073185544904
381623.46020319,6553826.79869540,3051,3055,1528,575.09509314055
381623.46020319,6553826.79869540,3051,3064,1533,63.4772801534317
380855.20920780,6553836.94291322,3054,3020,1527,73.813512427323
380855.20920780,6553836.94291322,3054,3064,1532,766.05101660012
380855.20920780,6553836.94291322,3054,3072,1536,73.2507418436823
382197.34724050,6553864.05503125,3055,3051,1528,575.09509314055
382197.34724050,6553864.05503125,3055,3033,1529,58.9126358027467
382197.34724050,6553864.05503125,3055,3059,1530,280.517603166455
382197.34724050,6553864.05503125,3055,3073,1538,72.180368082917
382477.27368820,6553882.25694224,3059,3055,1530,280.517603166455
359121.25136335,6553885.08636160,3061,3029,1531,128.063320546897
381619.41043879,6553890.14665910,3064,3054,1532,766.05101660012
381619.41043879,6553890.14665910,3064,3051,1533,63.4772801534317
381619.41043879,6553890.14665910,3064,3067,1534,7.2606268135292
381618.94715482,6553897.39249029,3067,3064,1534,7.2606268135292
381618.94715482,6553897.39249029,3067,3073,1537,574.528360993156
381618.94715482,6553897.39249029,3067,3080,1541,60.9039168814953
353982.34569711,6553905.30567759,3069,3023,1535,146.74080652877
380830.48579051,6553905.89524326,3072,3054,1536,73.2507418436823
380830.48579051,6553905.89524326,3072,3080,1540,786.318433124798
380830.48579051,6553905.89524326,3072,3090,1545,72.8561398013934
382192.17351033,6553936.04973976,3073,3067,1537,574.528360993156
382192.17351033,6553936.04973976,3073,3055,1538,72.180368082917
382192.17351033,6553936.04973976,3073,3077,1539,293.41577821295
382192.17351033,6553936.04973976,3073,3097,1550,66.839563070697
382484.92262126,6553955.81781882,3077,3073,1539,293.41577821295
381615.06450835,6553958.17252112,3080,3072,1540,786.318433124798
381615.06450835,6553958.17252112,3080,3067,1541,60.9039168814953
381615.06450835,6553958.17252112,3080,3083,1542,7.22736571587018
381614.60021577,6553965.38495813,3083,3080,1542,7.22736571587018
381614.60021577,6553965.38495813,3083,3097,1549,574.001133115827
381614.60021577,6553965.38495813,3083,3104,1553,65.6022674309231
353417.95733610,6553966.79057199,3085,2996,1543,359.559840432285
353417.95733610,6553966.79057199,3085,3010,1544,213.919334438833
353417.95733610,6553966.79057199,3085,3093,1547,158.024992469726
380805.89502594,6553974.47593592,3090,3072,1545,72.8561398013934
380805.89502594,6553974.47593592,3090,3104,1552,806.499704713711
380805.89502594,6553974.47593592,3090,3110,1555,72.5673955972416
397364.09759785,6553976.13315378,3091,3039,1546,160.222766276056
353575.67019351,6553976.71795091,3093,3085,1547,158.024992469726
352874.89723639,6554001.99084989,3096,3035,1548,228.07131913932
352874.89723639,6554001.99084989,3096,3111,1557,84.9405851624483
352874.89723639,6554001.99084989,3096,3120,1560,91.6631984236302
382187.38601579,6554002.71762624,3097,3083,1549,574.001133115827
382187.38601579,6554002.71762624,3097,3073,1550,66.839563070697
382187.38601579,6554002.71762624,3097,3101,1551,308.79325044476
382187.38601579,6554002.71762624,3097,3115,1559,70.9482208249862
382495.52243479,6554022.84767357,3101,3097,1551,308.79325044476
381610.42177211,6554030.85402029,3104,3090,1552,806.499704713711
381610.42177211,6554030.85402029,3104,3083,1553,65.6022674309231
381610.42177211,6554030.85402029,3104,3107,1554,3.72563904312182
381610.18163712,6554034.57191237,3107,3104,1554,3.72563904312182
381610.18163712,6554034.57191237,3107,3115,1558,573.446870627569
381610.18163712,6554034.57191237,3107,3128,1565,65.6698709512917
380781.40567209,6554042.78624592,3110,3090,1555,72.5673955972416
380781.40567209,6554042.78624592,3110,3128,1564,826.578363589868
380781.40567209,6554042.78624592,3110,3134,1567,73.9581926339611
352802.57060390,6554046.53028456,3111,2961,1556,413.567694832111
352802.57060390,6554046.53028456,3111,3096,1557,84.9405851624483
352802.57060390,6554046.53028456,3111,3122,1561,63.6822934498461
382182.30677938,6554073.48380033,3115,3107,1558,573.446870627569
382182.30677938,6554073.48380033,3115,3097,1559,70.9482208249862
382182.30677938,6554073.48380033,3115,3125,1563,321.505393833897
382182.30677938,6554073.48380033,3115,3153,1578,70.5003788958864
352923.46541096,6554079.72934977,3120,3096,1560,91.6631984236302
352923.46541096,6554079.72934977,3120,3138,1569,87.6723277420215
352923.46541096,6554079.72934977,3120,3218,1609,200.468503876209
352748.34940480,6554079.92932747,3122,3111,1561,63.6822934498461
352748.34940480,6554079.92932747,3122,3124,1562,10.4788431241675
352748.34940480,6554079.92932747,3122,3171,1586,91.1478555186979
352738.57465152,6554083.70561552,3124,3122,1562,10.4788431241675
382503.06903084,6554095.33091231,3125,3115,1563,321.505393833897
381605.99404974,6554100.10813184,3128,3110,1564,826.578363589868
381605.99404974,6554100.10813184,3128,3107,1565,65.6698709512917
381605.99404974,6554100.10813184,3128,3131,1566,6.2092163462373
381605.59575615,6554106.30456064,3131,3128,1566,6.2092163462373
381605.59575615,6554106.30456064,3131,3153,1577,572.89270123417
381605.59575615,6554106.30456064,3131,3191,1596,69.5856132693572
380756.44229984,6554112.40409063,3134,3110,1567,73.9581926339611
380756.44229984,6554112.40409063,3134,3168,1584,630.239612359021
380756.44229984,6554112.40409063,3134,3194,1598,68.5458464522342
380261.99148465,6554121.94740010,3135,2792,1568,990.935624665206
380261.99148465,6554121.94740010,3135,3148,1574,81.0649543522993
352850.66967202,6554128.58850902,3138,3120,1569,87.6723277420215
352850.66967202,6554128.58850902,3138,3171,1587,55.8434825141317
352850.66967202,6554128.58850902,3138,3227,1614,202.650578848941
354236.02289708,6554133.13779664,3139,3140,1570,70.7777726957981
354236.02289708,6554133.13779664,3139,3141,1571,69.8496946118071
354236.02289708,6554133.13779664,3139,3262,1632,322.816502487751
354165.44631557,6554127.80495028,3140,3139,1570,70.7777726957981
354165.44631557,6554127.80495028,3140,3254,1628,377.690863880874
354165.44631557,6554127.80495028,3140,3258,1630,322.423904797801
354305.67356997,6554138.40691453,3141,3139,1571,69.8496946118071
354305.67356997,6554138.40691453,3141,3151,1576,66.867192922597
354305.67356997,6554138.40691453,3141,3266,1634,323.227005074598
355959.89196869,6554139.29129612,3143,3144,1572,2961.41985118488
355959.89196869,6554139.29129612,3143,2849,1573,1468.05225107067
355959.89196869,6554139.29129612,3143,3556,1780,1245.29178290208
356192.65794699,6551187.50418838,3144,3143,1572,2961.41985118488
380333.89606405,6554141.72421397,3148,3135,1574,81.0649543522993
380333.89606405,6554141.72421397,3148,2791,1575,1009.64289312407
380333.89606405,6554141.72421397,3148,3158,1579,72.7113189954953
354372.35069175,6554143.44506111,3151,3141,1576,66.867192922597
354372.35069175,6554143.44506111,3151,3161,1581,71.3541498201784
354372.35069175,6554143.44506111,3151,3270,1636,323.623879457214
382177.25989834,6554143.80330272,3153,3131,1577,572.89270123417
382177.25989834,6554143.80330272,3153,3115,1578,70.5003788958864
382177.25989834,6554143.80330272,3153,3179,1590,323.588726055791
382177.25989834,6554143.80330272,3153,3203,1603,66.8395471262123
380406.36405262,6554147.66782767,3158,3148,1579,72.7113189954953
380406.36405262,6554147.66782767,3158,2798,1580,1012.24846689653
380406.36405262,6554147.66782767,3158,3164,1582,71.7664598832331
354443.50160696,6554148.82669302,3161,3151,1581,71.3541498201784
354443.50160696,6554148.82669302,3161,3169,1585,71.6765687112251
354443.50160696,6554148.82669302,3161,3274,1638,324.034503912249
380477.88970503,6554153.54199230,3164,3158,1582,71.7664598832331
380477.88970503,6554153.54199230,3164,2806,1583,1013.3992389471
380477.88970503,6554153.54199230,3164,3176,1588,71.2636083608096
381385.29771030,6554154.15144641,3168,3134,1584,630.239612359021
354514.97415970,6554154.23083090,3169,3161,1585,71.6765687112251
354514.97415970,6554154.23083090,3169,3278,1640,324.474078633817
354514.97415970,6554154.23083090,3169,3282,1642,395.273385853703
352801.08357000,6554154.27338834,3171,3122,1586,91.1478555186979
352801.08357000,6554154.27338834,3171,3138,1587,55.8434825141317
352801.08357000,6554154.27338834,3171,3186,1593,26.3131072732483
380548.91490939,6554159.36627107,3176,3164,1588,71.2636083608096
380548.91490939,6554159.36627107,3176,2812,1589,1014.88830932632
380548.91490939,6554159.36627107,3176,3182,1591,72.2675584637547
382500.15184934,6554165.02714814,3179,3153,1590,323.588726055791
380620.93983552,6554165.28319777,3182,3176,1591,72.2675584637547
380620.93983552,6554165.28319777,3182,2814,1592,1016.13874811555
380620.93983552,6554165.28319777,3182,3188,1594,54.4019555101389
352777.71870133,6554166.37555867,3186,3171,1593,26.3131072732483
380675.19209986,6554169.31613441,3188,3182,1594,54.4019555101389
380675.19209986,6554169.31613441,3188,2818,1595,987.227309398579
380675.19209986,6554169.31613441,3188,3194,1597,58.6138228156247
381601.15699588,6554175.74845872,3191,3131,1596,69.5856132693572
381601.15699588,6554175.74845872,3191,3203,1602,572.370387000748
381601.15699588,6554175.74845872,3191,3215,1608,70.1748659072853
380733.30949230,6554176.92855329,3194,3188,1597,58.6138228156247
380733.30949230,6554176.92855329,3194,3134,1598,68.5458464522342
380733.30949230,6554176.92855329,3194,3222,1611,642.643496410099
380733.30949230,6554176.92855329,3194,3654,1828,4652.78897632951
353010.47338063,6554002.41443609,3197,3198,1599,226.242621356649
353132.06667559,6554189.60297634,3198,3197,1599,226.242621356649
353132.06667559,6554189.60297634,3198,3200,1600,198.245431260126
353132.06667559,6554189.60297634,3198,3218,1610,115.937527141626
353313.48002250,6554150.76817185,3200,3198,1600,198.245431260126
358576.80435444,6554198.83460977,3201,3008,1601,540.616382933008
382172.47318602,6554210.47122938,3203,3191,1602,572.370387000748
382172.47318602,6554210.47122938,3203,3153,1603,66.8395471262123
382172.47318602,6554210.47122938,3203,3211,1606,304.426275815897
382172.47318602,6554210.47122938,3203,3223,1613,70.9149678222138
395900.17288098,6554218.34808508,3208,2450,1604,1999.73844451824
395900.17288098,6554218.34808508,3208,3039,1605,1563.99202267628
395900.17288098,6554218.34808508,3208,3250,1625,263.729426256574
395900.17288098,6554218.34808508,3208,3607,1804,6667.97835090966
382476.33687611,6554228.97029022,3211,3203,1606,304.426275815897
352567.29191179,6554233.67525198,3214,2961,1607,856.4501699532
381596.71959389,6554245.78288789,3215,3191,1608,70.1748659072853
381596.71959389,6554245.78288789,3215,3223,1612,571.772377128341
353032.52493361,6554247.93559407,3218,3120,1609,200.468503876209
353032.52493361,6554247.93559407,3218,3198,1610,115.937527141626
353032.52493361,6554247.93559407,3218,3227,1615,87.0701890880535
353032.52493361,6554247.93559407,3218,3238,1619,127.545164336152
381371.70469458,6554250.70001913,3222,3194,1611,642.643496410099
382167.39375002,6554281.20405055,3223,3215,1612,571.772377128341
382167.39375002,6554281.20405055,3223,3203,1613,70.9149678222138
382167.39375002,6554281.20405055,3223,3231,1616,328.71247280539
352961.47367234,6554298.26387736,3227,3138,1614,202.650578848941
352961.47367234,6554298.26387736,3227,3218,1615,87.0701890880535
352961.47367234,6554298.26387736,3227,3236,1618,54.8676200265421
382495.00421182,6554308.09782493,3231,3223,1616,328.71247280539
403598.83117098,6554327.34985809,3234,2502,1617,2541.10175427537
403598.83117098,6554327.34985809,3234,3490,1745,1551.64291509872
352916.70281158,6554329.98178641,3236,3227,1618,54.8676200265421
353108.13972063,6554350.59607497,3238,3218,1619,127.545164336152
353108.13972063,6554350.59607497,3238,3285,498243,43.56521808062
353832.76562268,6554378.48743603,3239,3024,1620,728.843146112813
353832.76562268,6554378.48743603,3239,3242,1621,89.168762061462
353832.76562268,6554378.48743603,3239,3286,1644,680.27240123557
353910.81100402,6554417.90355918,3242,3239,1621,89.168762061462
353910.81100402,6554417.90355918,3242,3244,1622,22.5184813814981
353910.81100402,6554417.90355918,3242,3318,1660,538.873113177194
353930.69755094,6554428.46799268,3244,3242,1622,22.5184813814981
353930.69755094,6554428.46799268,3244,3246,1623,73.2899187700415
353930.69755094,6554428.46799268,3244,3322,1662,519.545892532489
354003.25507522,6554438.80326544,3246,3244,1623,73.2899187700415
354003.25507522,6554438.80326544,3246,3248,1624,136.659383237536
354003.25507522,6554438.80326544,3246,3254,1627,68.7916068027914
354003.25507522,6554438.80326544,3246,3326,1664,515.170458029712
354005.54023244,6554302.16298923,3248,3246,1624,136.659383237536
396037.57703969,6554442.99495458,3250,3208,1625,263.729426256574
396037.57703969,6554442.99495458,3250,2879,1626,4071.60151281956
396037.57703969,6554442.99495458,3250,3620,1810,2449.50889803755
354071.87571493,6554443.65022040,3254,3246,1627,68.7916068027914
354071.87571493,6554443.65022040,3254,3140,1628,377.690863880874
354071.87571493,6554443.65022040,3254,3258,1629,71.1906768458985
354071.87571493,6554443.65022040,3254,3330,1666,515.943968355411
354142.83099523,6554449.43474006,3258,3254,1629,71.1906768458985
354142.83099523,6554449.43474006,3258,3140,1630,322.423904797801
354142.83099523,6554449.43474006,3258,3262,1631,66.8674339754522
354142.83099523,6554449.43474006,3258,3334,1668,515.970830082206
354209.47789163,6554454.86105810,3262,3258,1631,66.8674339754522
354209.47789163,6554454.86105810,3262,3139,1632,322.816502487751
354209.47789163,6554454.86105810,3262,3266,1633,68.9627291529394
354209.47789163,6554454.86105810,3262,3338,1670,516.008970009993
354278.21253176,6554460.46527599,3266,3262,1633,68.9627291529394
354278.21253176,6554460.46527599,3266,3141,1634,323.227005074598
354278.21253176,6554460.46527599,3266,3270,1635,70.6290992638896
354278.21253176,6554460.46527599,3266,3342,1672,516.029935589406
354348.60868543,6554466.19687364,3270,3266,1635,70.6290992638896
354348.60868543,6554466.19687364,3270,3151,1636,323.623879457214
354348.60868543,6554466.19687364,3270,3274,1637,69.245115752215
354348.60868543,6554466.19687364,3270,3346,1674,516.074299062517
354417.62459462,6554471.82629048,3274,3270,1637,69.245115752215
354417.62459462,6554471.82629048,3274,3161,1638,324.034503912249
354417.62459462,6554471.82629048,3274,3278,1639,68.0388114967596
354417.62459462,6554471.82629048,3274,3350,1676,516.10984348142
354485.43817740,6554477.35782367,3278,3274,1639,68.0388114967596
354485.43817740,6554477.35782367,3278,3169,1640,324.474078633817
354485.43817740,6554477.35782367,3278,3282,1641,71.8006022142646
354485.43817740,6554477.35782367,3278,3354,1678,516.166724998707
354557.00122089,6554483.19368565,3282,3278,1641,71.8006022142646
354557.00122089,6554483.19368565,3282,3169,1642,395.273385853703
354557.00122089,6554483.19368565,3282,3298,1649,290.605928609632
353130.86355443,6554387.76535804,3285,3286,1643,148.197115996768
353130.86355443,6554387.76535804,3285,3238,498243,43.56521808062
353207.73977568,6554514.44413628,3286,3285,1643,148.197115996768
353207.73977568,6554514.44413628,3286,3239,1644,680.27240123557
353207.73977568,6554514.44413628,3286,3289,1645,502.009215211559
353207.73977568,6554514.44413628,3286,3314,1657,466.144017120452
352707.79023413,6554540.64861836,3289,3286,1645,502.009215211559
352707.79023413,6554540.64861836,3289,3291,1646,178.897601508395
352708.45537493,6554702.48091479,3291,3289,1646,178.897601508395
352708.45537493,6554702.48091479,3291,3293,1647,19.3639985690865
352708.45537493,6554702.48091479,3291,3296,1648,82.5875036605938
352691.13015077,6554711.12967473,3293,3291,1647,19.3639985690865
352691.13015077,6554711.12967473,3293,3614,498244,20.4401807121411
352779.07082398,6554725.49671077,3296,3291,1648,82.5875036605938
354536.68138095,6554773.08833866,3298,3282,1649,290.605928609632
355416.68023500,6554196.87498230,3299,3300,1650,673.395027174251
355365.50568681,6554868.32242443,3300,3299,1650,673.395027174251
355365.50568681,6554868.32242443,3300,3301,1651,73.771230418055
355365.50568681,6554868.32242443,3300,3407,1705,195.737917203912
355439.13314740,6554872.92584540,3301,3300,1651,73.771230418055
355439.13314740,6554872.92584540,3301,3303,1652,74.9678720560249
355439.13314740,6554872.92584540,3301,3413,1708,196.794458170717
355513.65682530,6554881.07466570,3303,3301,1652,74.9678720560249
355513.65682530,6554881.07466570,3303,3305,1653,72.4235425267164
355513.65682530,6554881.07466570,3303,3417,1710,194.281148049269
355586.02167308,6554883.98985322,3305,3303,1653,72.4235425267164
355586.02167308,6554883.98985322,3305,3307,1654,71.5053207596202
355586.02167308,6554883.98985322,3305,3423,1713,197.079855464106
355656.89249987,6554893.49442092,3307,3305,1654,71.5053207596202
355656.89249987,6554893.49442092,3307,3309,1655,72.5006695914863
355656.89249987,6554893.49442092,3307,3427,1715,193.070038896411
355729.15196931,6554899.40341132,3309,3307,1655,72.5006695914863
355729.15196931,6554899.40341132,3309,3311,1656,74.6528347010732
355729.15196931,6554899.40341132,3309,3431,1717,192.751587413364
355803.51642718,6554905.95880107,3311,3309,1656,74.6528347010732
355803.51642718,6554905.95880107,3311,3315,1658,72.7731489937027
355803.51642718,6554905.95880107,3311,3435,1719,191.921929080196
353451.64334404,6554910.56493006,3314,3286,1657,466.144017120452
353451.64334404,6554910.56493006,3314,3318,1659,369.238436267045
353451.64334404,6554910.56493006,3314,3460,1730,283.926369357123
355875.21418126,6554918.42328157,3315,3311,1658,72.7731489937027
355875.21418126,6554918.42328157,3315,3439,1721,185.026301515521
353819.65300095,6554940.66334887,3318,3314,1659,369.238436267045
353819.65300095,6554940.66334887,3318,3242,1660,538.873113177194
353819.65300095,6554940.66334887,3318,3322,1661,70.6086445725563
353819.65300095,6554940.66334887,3318,3453,1727,239.137877121709
353890.02662455,6554946.41954466,3322,3318,1661,70.6086445725563
353890.02662455,6554946.41954466,3322,3244,1662,519.545892532489
353890.02662455,6554946.41954466,3322,3326,1663,72.0109252025949
353890.02662455,6554946.41954466,3322,3456,1728,233.62201951206
353961.79681460,6554952.30284037,3326,3322,1663,72.0109252025949
353961.79681460,6554952.30284037,3326,3246,1664,515.170458029712
353961.79681460,6554952.30284037,3326,3330,1665,70.4979836925184
353961.79681460,6554952.30284037,3326,3457,1729,234.345911242917
354032.05969113,6554958.05556906,3330,3326,1665,70.4979836925184
354032.05969113,6554958.05556906,3330,3254,1666,515.943968355411
354032.05969113,6554958.05556906,3330,3334,1667,66.2221315875671
354032.05969113,6554958.05556906,3330,3462,1731,233.504749066199
354098.06095871,6554963.45958510,3334,3330,1667,66.2221315875671
354098.06095871,6554963.45958510,3334,3258,1668,515.970830082206
354098.06095871,6554963.45958510,3334,3338,1669,72.2235074637209
354098.06095871,6554963.45958510,3334,3463,1732,230.089042746971
354170.04296249,6554969.36095460,3338,3334,1669,72.2235074637209
354170.04296249,6554969.36095460,3338,3262,1670,516.008970009993
354170.04296249,6554969.36095460,3338,3342,1671,67.2374567683949
354170.04296249,6554969.36095460,3338,3466,1733,230.90822129933
354237.05588097,6554974.85134163,3342,3338,1671,67.2374567683949
354237.05588097,6554974.85134163,3342,3266,1672,516.029935589406
354237.05588097,6554974.85134163,3342,3346,1673,72.8397068227562
354237.05588097,6554974.85134163,3342,3467,1734,234.141073687271
354309.65237715,6554980.79874713,3346,3342,1673,72.8397068227562
354309.65237715,6554980.79874713,3346,3270,1674,516.074299062517
354309.65237715,6554980.79874713,3346,3350,1675,70.5085124448324
354309.65237715,6554980.79874713,3346,3470,1735,237.001776868639
354379.92533077,6554986.55742033,3350,3346,1675,70.5085124448324
354379.92533077,6554986.55742033,3350,3274,1676,516.10984348142
354379.92533077,6554986.55742033,3350,3354,1677,70.1687896768434
354379.92533077,6554986.55742033,3350,3471,1736,231.552672488753
354449.85899855,6554992.29685892,3354,3350,1677,70.1687896768434
354449.85899855,6554992.29685892,3354,3278,1678,516.166724998707
354449.85899855,6554992.29685892,3354,3358,1679,67.692770661755
354449.85899855,6554992.29685892,3354,3474,1737,235.142529932562
354517.32520654,6554997.83057188,3358,3354,1679,67.692770661755
354517.32520654,6554997.83057188,3358,3360,1680,180.590379098568
354517.32520654,6554997.83057188,3358,3362,1681,68.9668370939297
354517.32520654,6554997.83057188,3358,3477,1739,237.314133882671
354530.57830029,6554817.72715567,3360,3358,1680,180.590379098568
354586.06174319,6555003.46201475,3362,3358,1681,68.9668370939297
354586.06174319,6555003.46201475,3362,3364,1682,168.932636306731
354586.06174319,6555003.46201475,3362,3366,1683,72.1583986228179
354586.06174319,6555003.46201475,3362,3479,1740,238.165720790435
354598.44757159,6554834.98404329,3364,3362,1682,168.932636306731
354657.97838371,6555009.36382023,3366,3362,1683,72.1583986228179
354657.97838371,6555009.36382023,3366,3368,1684,164.293898745793
354657.97838371,6555009.36382023,3366,3370,1685,68.858443280671
354657.97838371,6555009.36382023,3366,3481,1741,236.135434247283
354669.83761478,6554845.49849808,3368,3366,1684,164.293898745793
354726.60561600,6555015.00192271,3370,3366,1685,68.858443280671
354726.60561600,6555015.00192271,3370,3372,1686,188.78014899394
354726.60561600,6555015.00192271,3370,3374,1687,69.5671446262968
354726.60561600,6555015.00192271,3370,3483,1742,239.109989922579
354742.26338057,6554826.87223589,3372,3370,1686,188.78014899394
354795.93963370,6555020.69240602,3374,3370,1687,69.5671446262968
354795.93963370,6555020.69240602,3374,3376,1688,193.189021975102
354795.93963370,6555020.69240602,3374,3486,1743,235.276278259525
354812.05320466,6554828.17655981,3376,3374,1688,193.189021975102
354805.56483467,6555021.45236933,3377,3378,1689,194.258490194794
354805.56483467,6555021.45236933,3377,3380,1690,2.072628945451
354805.56483467,6555021.45236933,3377,3381,1691,82.2119328247746
354821.24117058,6554827.82743937,3378,3377,1689,194.258490194794
354805.41983801,6555023.51992023,3380,3377,1690,2.072628945451
354805.41983801,6555023.51992023,3380,3488,1744,237.34376037426
354887.53383478,6555027.76782025,3381,3377,1691,82.2119328247746
354887.53383478,6555027.76782025,3381,3384,1692,193.857280804514
354887.53383478,6555027.76782025,3381,3385,1693,78.1461834643765
354887.53383478,6555027.76782025,3381,3492,1747,239.160153774915
354903.39058901,6554834.56013752,3384,3381,1692,193.857280804514
354965.44911404,6555033.77075685,3385,3381,1693,78.1461834643765
354965.44911404,6555033.77075685,3385,3387,1694,195.775799073297
354965.44911404,6555033.77075685,3385,3389,1695,75.4185656708597
354965.44911404,6555033.77075685,3385,3498,1750,238.901426826418
354982.64550126,6554838.75166094,3387,3385,1694,195.775799073297
355040.64466559,6555039.56636510,3389,3385,1695,75.4185656708597
355040.64466559,6555039.56636510,3389,3392,1696,190.408153877953
355040.64466559,6555039.56636510,3389,3393,1697,79.9796589587132
355040.64466559,6555039.56636510,3389,3502,1752,238.64651633855
355058.48718346,6554849.99603615,3392,3389,1696,190.408153877953
355120.38763929,6555045.71486024,3393,3389,1697,79.9796589587132
355120.38763929,6555045.71486024,3393,3395,1698,196.843695621847
355120.38763929,6555045.71486024,3393,3397,1699,79.749269770752
355120.38763929,6555045.71486024,3393,3506,1754,238.408506227231
355133.54924411,6554849.31167120,3395,3393,1698,196.843695621847
355199.90045899,6555051.85143359,3397,3393,1699,79.749269770752
355199.90045899,6555051.85143359,3397,3400,1700,196.615432520303
355199.90045899,6555051.85143359,3397,3401,1701,74.1437618608877
355199.90045899,6555051.85143359,3397,3514,1758,238.126375864579
355213.32765518,6554855.69501971,3400,3397,1700,196.615432520303
355273.82452934,6555057.55487508,3401,3397,1701,74.1437618608877
355273.82452934,6555057.55487508,3401,3403,1702,198.43893434814
355273.82452934,6555057.55487508,3401,3407,1704,78.7857710391669
355273.82452934,6555057.55487508,3401,3520,1761,237.874629058648
355286.50214445,6554859.52132050,3403,3401,1702,198.43893434814
334214.54310902,6555063.51485191,3405,2471,1703,2605.7386343394
334214.54310902,6555063.51485191,3405,3412,1706,857.626481170024
334214.54310902,6555063.51485191,3405,3617,1809,2286.97341692061
355352.37653591,6555063.61952535,3407,3401,1704,78.7857710391669
355352.37653591,6555063.61952535,3407,3300,1705,195.737917203912
355352.37653591,6555063.61952535,3407,3413,1707,72.1988591316341
355352.37653591,6555063.61952535,3407,3524,1763,237.633064046659
334984.90390416,6555067.46051758,3412,3405,1706,857.626481170024
334984.90390416,6555067.46051758,3412,3421,1711,87.1712687923733
334984.90390416,6555067.46051758,3412,3446,1723,48.6609253378794
355424.36209710,6555069.16517591,3413,3407,1707,72.1988591316341
355424.36209710,6555069.16517591,3413,3301,1708,196.794458170717
355424.36209710,6555069.16517591,3413,3417,1709,74.9418529639703
355424.36209710,6555069.16517591,3413,3528,1765,237.377867989376
355499.09112898,6555074.80903275,3417,3413,1709,74.9418529639703
355499.09112898,6555074.80903275,3417,3303,1710,194.281148049269
355499.09112898,6555074.80903275,3417,3423,1712,73.0107278484206
355499.09112898,6555074.80903275,3417,3532,1767,237.258714813576
335068.84745947,6555079.57880704,3421,3412,1711,87.1712687923733
335068.84745947,6555079.57880704,3421,3449,1726,103.943427176355
335068.84745947,6555079.57880704,3421,3539,1771,432.356010034974
355571.87490236,6555080.56131174,3423,3417,1712,73.0107278484206
355571.87490236,6555080.56131174,3423,3305,1713,197.079855464106
355571.87490236,6555080.56131174,3423,3427,1714,72.7181386874012
355571.87490236,6555080.56131174,3423,3536,1769,236.923230606712
355644.37731790,6555086.15840338,3427,3423,1714,72.7181386874012
355644.37731790,6555086.15840338,3427,3307,1715,193.070038896411
355644.37731790,6555086.15840338,3427,3431,1716,72.7590737836221
355644.37731790,6555086.15840338,3427,3544,1773,236.653239523153
355716.91994153,6555091.76648456,3431,3427,1716,72.7590737836221
355716.91994153,6555091.76648456,3431,3309,1717,192.751587413364
355716.91994153,6555091.76648456,3431,3435,1718,71.6737669326502
355716.91994153,6555091.76648456,3431,3548,1775,236.436948027265
355788.38109836,6555097.28299892,3435,3431,1718,71.6737669326502
355788.38109836,6555097.28299892,3435,3311,1719,191.921929080196
355788.38109836,6555097.28299892,3435,3439,1720,71.1436896066288
355788.38109836,6555097.28299892,3435,3552,1777,236.193027708152
355859.31325981,6555102.76506454,3439,3435,1720,71.1436896066288
355859.31325981,6555102.76506454,3439,3315,1721,185.026301515521
355859.31325981,6555102.76506454,3439,3556,1779,236.117643192004
397436.81036119,6555114.97844916,3443,3444,1722,764.036310469466
397382.62523408,6554352.87109884,3444,3443,1722,764.036310469466
334991.86425675,6555115.21354962,3446,3412,1723,48.6609253378794
334991.86425675,6555115.21354962,3446,3448,1724,27.3550561687604
335000.44189268,6555141.18898532,3448,3446,1724,27.3550561687604
335000.44189268,6555141.18898532,3448,3449,1725,129.228486669768
335000.44189268,6555141.18898532,3448,3476,1738,92.7075522731639
335125.30456989,6555166.20282424,3449,3448,1725,129.228486669768
335125.30456989,6555166.20282424,3449,3421,1726,103.943427176355
335125.30456989,6555166.20282424,3449,3539,1770,280.474159366229
353801.27785452,6555179.09421573,3453,3318,1727,239.137877121709
353875.58971302,6555179.59506564,3456,3322,1728,233.62201951206
353941.41614739,6555185.76083342,3457,3326,1729,234.345911242917
353436.72979471,6555189.80742235,3460,3314,1730,283.926369357123
353436.72979471,6555189.80742235,3460,3510,1755,1353.58955735647
353436.72979471,6555189.80742235,3460,3873,1938,4795.42492157367
354015.23620297,6555190.95348249,3462,3330,1731,233.504749066199
354082.91289938,6555193.04944527,3463,3334,1732,230.089042746971
354153.26678058,6555199.65894934,3466,3338,1733,230.90822129933
354220.80786184,6555208.42797629,3467,3342,1734,234.141073687271
354291.17581401,6555217.07921364,3470,3346,1735,237.001776868639
354360.28090356,6555217.27529267,3471,3350,1736,231.552672488753
354432.57321583,6555226.80317248,3474,3354,1737,235.142529932562
335029.52382907,6555229.21699918,3476,3448,1738,92.7075522731639
335029.52382907,6555229.21699918,3476,3616,1808,1293.74396492787
354501.02093255,6555234.58396423,3477,3358,1739,237.314133882671
354564.66870019,6555240.66498326,3479,3362,1740,238.165720790435
354636.74472935,6555244.54263567,3481,3366,1741,236.135434247283
354706.17196263,6555253.23721205,3483,3370,1742,239.109989922579
354777.17216631,6555255.21897014,3486,3374,1743,235.276278259525
354788.20833534,6555260.23879308,3488,3380,1744,237.34376037426
354788.20833534,6555260.23879308,3488,3492,1746,79.778861505251
354788.20833534,6555260.23879308,3488,3510,1756,27.3792357615076
402469.25419090,6555264.16269168,3490,3234,1745,1551.64291509872
402469.25419090,6555264.16269168,3490,3496,1748,13.7913980383268
354867.77086071,6555266.11001964,3492,3488,1746,79.778861505251
354867.77086071,6555266.11001964,3492,3381,1747,239.160153774915
354867.77086071,6555266.11001964,3492,3498,1749,82.3370979287391
402455.93307807,6555267.73349170,3496,3490,1748,13.7913980383268
402455.93307807,6555267.73349170,3496,3624,1812,4445.10033491803
354949.88504381,6555272.16465664,3498,3492,1749,82.3370979287391
354949.88504381,6555272.16465664,3498,3385,1750,238.901426826418
354949.88504381,6555272.16465664,3498,3502,1751,73.9160891816145
355023.60076469,6555277.60347398,3502,3498,1751,73.9160891816145
355023.60076469,6555277.60347398,3502,3389,1752,238.64651633855
355023.60076469,6555277.60347398,3502,3506,1753,75.7484190174497
355099.14400360,6555283.17501223,3506,3502,1753,75.7484190174497
355099.14400360,6555283.17501223,3506,3393,1754,238.408506227231
355099.14400360,6555283.17501223,3506,3514,1757,80.8321661102055
354786.75982499,6555287.57968496,3510,3460,1755,1353.58955735647
354786.75982499,6555287.57968496,3510,3488,1756,27.3792357615076
354786.75982499,6555287.57968496,3510,3518,1759,33.9261098556156
355179.75693771,6555289.12429220,3514,3506,1757,80.8321661102055
355179.75693771,6555289.12429220,3514,3397,1758,238.126375864579
355179.75693771,6555289.12429220,3514,3520,1760,75.9680667676709
354820.57881780,6555290.27350289,3518,3510,1759,33.9261098556156
354820.57881780,6555290.27350289,3518,3562,1781,78.0325556812133
355255.51833794,6555294.72406049,3520,3514,1760,75.9680667676709
355255.51833794,6555294.72406049,3520,3401,1761,237.874629058648
355255.51833794,6555294.72406049,3520,3524,1762,75.9666401051915
355331.27901887,6555300.31419766,3524,3520,1762,75.9666401051915
355331.27901887,6555300.31419766,3524,3407,1763,237.633064046659
355331.27901887,6555300.31419766,3524,3528,1764,75.528874969789
355406.60270388,6555305.87777837,3528,3524,1764,75.528874969789
355406.60270388,6555305.87777837,3528,3413,1765,237.377867989376
355406.60270388,6555305.87777837,3528,3532,1766,74.0243905002927
355480.42585368,6555311.33240422,3532,3528,1766,74.0243905002927
355480.42585368,6555311.33240422,3532,3417,1767,237.258714813576
355480.42585368,6555311.33240422,3532,3536,1768,69.9147458676733
355550.15036659,6555316.48643068,3536,3532,1768,69.9147458676733
355550.15036659,6555316.48643068,3536,3423,1769,236.923230606712
355550.15036659,6555316.48643068,3536,3544,1772,75.4246381739488
335347.84939762,6555321.58144586,3539,3449,1770,280.474159366229
335347.84939762,6555321.58144586,3539,3421,1771,432.356010034974
335347.84939762,6555321.58144586,3539,3627,1814,2069.54069075993
355625.36974718,6555322.04708058,3544,3536,1772,75.4246381739488
355625.36974718,6555322.04708058,3544,3427,1773,236.653239523153
355625.36974718,6555322.04708058,3544,3548,1774,70.7737304800928
355695.95036957,6555327.27170200,3548,3544,1774,70.7737304800928
355695.95036957,6555327.27170200,3548,3431,1775,236.436948027265
355695.95036957,6555327.27170200,3548,3552,1776,72.0919820411409
355767.84652953,6555332.58169807,3552,3548,1776,72.0919820411409
355767.84652953,6555332.58169807,3552,3435,1777,236.193027708152
355767.84652953,6555332.58169807,3552,3556,1778,65.1824600937826
355832.85101778,6555337.39518020,3556,3552,1778,65.1824600937826
355832.85101778,6555337.39518020,3556,3439,1779,236.117643192004
355832.85101778,6555337.39518020,3556,3143,1780,1245.29178290208
354815.42696728,6555368.13580560,3562,3518,1781,78.0325556812133
354815.42696728,6555368.13580560,3562,3563,1782,326.028131459737
354815.42696728,6555368.13580560,3562,3568,1784,79.7348300761474
355140.41988205,6555394.09631125,3563,3562,1782,326.028131459737
355140.41988205,6555394.09631125,3563,3565,1783,325.774716827919
355140.41988205,6555394.09631125,3563,3570,1786,78.6209103095928
355465.15918407,6555420.04918871,3565,3563,1783,325.774716827919
355465.15918407,6555420.04918871,3565,3574,1788,77.5406314627873
355465.15918407,6555420.04918871,3565,3578,1790,420.715061980919
354810.16233474,6555447.69664252,3568,3562,1784,79.7348300761474
354810.16233474,6555447.69664252,3568,3570,1785,324.946725950272
354810.16233474,6555447.69664252,3568,3582,1791,79.2420410801211
355134.16350712,6555472.46789609,3570,3568,1785,324.946725950272
355134.16350712,6555472.46789609,3570,3563,1786,78.6209103095928
355134.16350712,6555472.46789609,3570,3574,1787,324.551223845973
355134.16350712,6555472.46789609,3570,3583,1793,80.6284042127031
355457.76820379,6555497.23677151,3574,3570,1787,324.551223845973
355457.76820379,6555497.23677151,3574,3565,1788,77.5406314627873
355457.76820379,6555497.23677151,3574,3578,1789,345.112845876458
355457.76820379,6555497.23677151,3574,3587,1795,82.0244617243462
355801.87180869,6555523.61072624,3578,3574,1789,345.112845876458
355801.87180869,6555523.61072624,3578,3565,1790,420.715061980919
355801.87180869,6555523.61072624,3578,3591,1797,83.4916887425487
354804.93096634,6555526.76581387,3582,3568,1791,79.2420410801211
354804.93096634,6555526.76581387,3582,3583,1792,323.868819769478
354804.93096634,6555526.76581387,3582,3596,1798,399.242461025014
355127.74842738,6555552.84069197,3583,3582,1792,323.868819769478
355127.74842738,6555552.84069197,3583,3570,1793,80.6284042127031
355127.74842738,6555552.84069197,3583,3587,1794,323.25317004122
355127.74842738,6555552.84069197,3583,3596,1799,75.2001824182949
355449.95047350,6555578.88783038,3587,3583,1794,323.25317004122
355449.95047350,6555578.88783038,3587,3574,1795,82.0244617243462
355449.95047350,6555578.88783038,3587,3591,1796,345.901046017937
355449.95047350,6555578.88783038,3587,3600,1801,74.0228757256196
355794.72384079,6555606.79587301,3591,3587,1796,345.901046017937
355794.72384079,6555606.79587301,3591,3578,1797,83.4916887425487
355794.72384079,6555606.79587301,3591,3600,1802,419.359738256747
355121.76474200,6555627.80243518,3596,3582,1798,399.242461025014
355121.76474200,6555627.80243518,3596,3583,1799,75.2001824182949
355121.76474200,6555627.80243518,3596,3600,1800,322.08711585344
355442.89786297,6555652.57396758,3600,3596,1800,322.08711585344
355442.89786297,6555652.57396758,3600,3587,1801,74.0228757256196
355442.89786297,6555652.57396758,3600,3591,1802,419.359738256747
393197.53418627,6555700.48227865,3605,3606,1803,1142.3055898161
393197.53418627,6555700.48227865,3605,3609,1805,713.63030825022
393197.53418627,6555700.48227865,3605,3626,1813,2958.03646205604
394286.38052282,6555355.16507964,3606,3605,1803,1142.3055898161
389499.65828169,6555876.07169634,3607,3208,1804,6667.97835090966
389499.65828169,6555876.07169634,3607,3612,1806,290.464801996879
389499.65828169,6555876.07169634,3607,3716,1949,11668.8018344633
392521.21392966,6555928.20827049,3609,3605,1805,713.63030825022
389763.83522274,6555966.13785009,3612,3607,1806,290.464801996879
352375.54672668,6556000.56879049,3613,3614,1807,1437.54548109368
352672.84322790,6554720.26145655,3614,3613,1807,1437.54548109368
352672.84322790,6554720.26145655,3614,3293,498244,20.4401807121411
334815.81386203,6556224.89253121,3616,3476,1808,1293.74396492787
332348.70281647,6556303.02128703,3617,3405,1809,2286.97341692061
397146.75807743,6556478.75237954,3620,3250,1810,2449.50889803755
397146.75807743,6556478.75237954,3620,3622,1811,2307.37227650273
397146.75807743,6556478.75237954,3620,3634,1817,828.078543344916
398929.23108213,6555039.05054443,3622,3620,1811,2307.37227650273
399185.27204764,6556636.45726795,3624,3496,1812,4445.10033491803
399185.27204764,6556636.45726795,3624,3644,1825,2326.16980462203
393473.69854248,6556741.59923105,3626,3605,1813,2958.03646205604
336481.84249945,6556923.66929057,3627,3539,1814,2069.54069075993
336481.84249945,6556923.66929057,3627,3630,1815,432.92418086082
336481.84249945,6556923.66929057,3627,3631,1816,468.833367630198
336099.17330463,6557126.12331920,3630,3627,1815,432.92418086082
336770.17383414,6557262.63962469,3631,3627,1816,468.833367630198
336770.17383414,6557262.63962469,3631,3652,1826,314.292282779711
336770.17383414,6557262.63962469,3631,3635,1830,7239.85921856915
397302.93993698,6557286.87741634,3634,3620,1817,828.078543344916
397302.93993698,6557286.87741634,3634,3640,1820,228.568494864806
342144.80646335,6557336.93259424,3635,3636,1818,205.742926538712
342144.80646335,6557336.93259424,3635,3637,1819,1414.26140273387
342144.80646335,6557336.93259424,3635,3631,1830,7239.85921856915
342144.80646335,6557336.93259424,3635,3679,1840,1482.67105093646
342074.18572540,6557143.68957834,3636,3635,1818,205.742926538712
342496.40864218,6556010.90037430,3637,3635,1819,1414.26140273387
397275.05428017,6557513.72983679,3640,3634,1820,228.568494864806
397275.05428017,6557513.72983679,3640,3642,1821,406.564505202986
397275.05428017,6557513.72983679,3640,3644,1822,8.654367112804
397180.72302173,6557275.08285280,3642,3640,1821,406.564505202986
397274.29605777,6557522.35092540,3644,3640,1822,8.654367112804
397274.29605777,6557522.35092540,3644,3624,1825,2326.16980462203
397274.29605777,6557522.35092540,3644,3658,1829,690.77665889388
397274.29605777,6557522.35092540,3644,3865,1933,5575.38235253354
372750.05795397,6553675.30139624,3645,3646,1823,5734.9673240684
376196.06539535,6557538.84178618,3646,3645,1823,5734.9673240684
376196.06539535,6557538.84178618,3646,2936,1824,5192.3954626598
376196.06539535,6557538.84178618,3646,3654,1827,3118.00745611222
376196.06539535,6557538.84178618,3646,3844,1922,2041.08384746365
336706.09411335,6557570.33009968,3652,3631,1826,314.292282779711
379227.10379712,6557853.83011532,3654,3646,1827,3118.00745611222
379227.10379712,6557853.83011532,3654,3194,1828,4652.78897632951
379227.10379712,6557853.83011532,3654,3674,1837,504.427881359839
379227.10379712,6557853.83011532,3654,3716,1858,1321.78941570138
397617.35105593,6558092.50816993,3658,3644,1829,690.77665889388
397617.35105593,6558092.50816993,3658,3676,1838,503.253296015105
398476.48022164,6557743.95830509,3661,3662,1831,454.739828295243
398361.27101222,6558134.18537102,3662,3661,1831,454.739828295243
398361.27101222,6558134.18537102,3662,3663,1832,1879.91943563313
398361.27101222,6558134.18537102,3662,3666,1834,61.1696871128113
399896.07210337,6557400.68682632,3663,3662,1832,1879.91943563313
397739.07529470,6557830.87947518,3665,3666,1833,689.700143572868
398302.89179970,6558148.16258876,3666,3665,1833,689.700143572868
398302.89179970,6558148.16258876,3666,3662,1834,61.1696871128113
398302.89179970,6558148.16258876,3666,3676,1839,255.820695609772
398302.89179970,6558148.16258876,3666,3702,1851,307.525531618751
378612.81659192,6558166.67091149,3669,3670,1835,47.030556539349
378565.78603606,6558166.66289665,3670,3669,1835,47.030556539349
378565.78603606,6558166.66289665,3670,3672,1836,276.992514790657
378565.78603606,6558166.66289665,3670,3683,1843,131.186890649175
378288.99799162,6558162.40997273,3672,3670,1836,276.992514790657
379051.52908288,6558177.02153145,3674,3654,1837,504.427881359839
379051.52908288,6558177.02153145,3674,3687,1845,462.293430893893
379051.52908288,6558177.02153145,3674,3693,1848,126.337633528262
398091.08621984,6558234.52752117,3676,3658,1838,503.253296015105
398091.08621984,6558234.52752117,3676,3666,1839,255.820695609772
398091.08621984,6558234.52752117,3676,3718,1859,382.369957049553
343148.67180361,6558282.45810800,3679,3635,1840,1482.67105093646
343148.67180361,6558282.45810800,3679,3849,1925,1020.67914087832
343148.67180361,6558282.45810800,3679,3923,1963,2433.95202865254
378286.13947452,6558295.71565251,3681,3682,1841,82.3536210554403
378286.13947452,6558295.71565251,3681,3683,1842,276.815298551246
378286.13947452,6558295.71565251,3681,3700,1850,109.779570392621
378204.43753840,6558288.60579417,3682,3681,1841,82.3536210554403
378562.94786091,6558297.67185703,3683,3681,1842,276.815298551246
378562.94786091,6558297.67185703,3683,3670,1843,131.186890649175
378562.94786091,6558297.67185703,3683,3687,1844,169.012526153408
378562.94786091,6558297.67185703,3683,3703,1853,114.353907183367
378731.95521481,6558298.99409937,3687,3683,1844,169.012526153408
378731.95521481,6558298.99409937,3687,3674,1845,462.293430893893
378731.95521481,6558298.99409937,3687,3691,1846,31.0328096009526
378762.97337985,6558299.94736184,3691,3687,1846,31.0328096009526
378762.97337985,6558299.94736184,3691,3693,1847,289.267348783443
378762.97337985,6558299.94736184,3691,3707,1855,117.755378288672
379052.22458507,6558303.00339615,3693,3691,1847,289.267348783443
379052.22458507,6558303.00339615,3693,3674,1848,126.337633528262
379052.22458507,6558303.00339615,3693,3698,1849,267.110447464452
379052.22458507,6558303.00339615,3693,3711,1857,119.880358949537
379314.18934477,6558307.84675922,3698,3693,1849,267.110447464452
378294.79372366,6558405.15357120,3700,3681,1850,109.779570392621
378294.79372366,6558405.15357120,3700,3703,1852,267.77120856108
378294.79372366,6558405.15357120,3700,3724,1862,129.447021799355
398462.91077249,6558410.77614695,3702,3666,1851,307.525531618751
398462.91077249,6558410.77614695,3702,3718,1860,115.790910501179
398462.91077249,6558410.77614695,3702,3816,1909,672.343925686182
378562.47675718,6558412.02479381,3703,3700,1852,267.77120856108
378562.47675718,6558412.02479381,3703,3683,1853,114.353907183367
378562.47675718,6558412.02479381,3703,3707,1854,198.530312273015
378562.47675718,6558412.02479381,3703,3725,1864,132.637843852504
378760.92645584,6558417.68182410,3707,3703,1854,198.530312273015
378760.92645584,6558417.68182410,3707,3691,1855,117.755378288672
378760.92645584,6558417.68182410,3707,3711,1856,289.516674455512
378760.92645584,6558417.68182410,3707,3729,1866,127.473155552967
379050.39664344,6558422.86981801,3711,3707,1856,289.516674455512
379050.39664344,6558422.86981801,3711,3693,1857,119.880358949537
379050.39664344,6558422.86981801,3711,3733,1868,127.310424745526
380406.90390459,6558448.71948577,3716,3654,1858,1321.78941570138
380406.90390459,6558448.71948577,3716,3607,1949,11668.8018344633
380406.90390459,6558448.71948577,3716,6554,3277,8508.80469810161
398372.88686584,6558483.06943633,3718,3676,1859,382.369957049553
398372.88686584,6558483.06943633,3718,3702,1860,115.790910501179
398372.88686584,6558483.06943633,3718,3816,1908,663.283439910359
377910.69330841,6558508.18393234,3721,3737,1869,150.938911271533
378291.96058817,6558534.56958565,3724,3700,1862,129.447021799355
378291.96058817,6558534.56958565,3724,3725,1863,266.289639018419
378291.96058817,6558534.56958565,3724,3800,1901,534.247063964647
378291.96058817,6558534.56958565,3724,3804,1903,433.727278033797
378557.87991480,6558544.58295713,3725,3724,1863,266.289639018419
378557.87991480,6558544.58295713,3725,3703,1864,132.637843852504
378557.87991480,6558544.58295713,3725,3729,1865,201.613383500807
378557.87991480,6558544.58295713,3725,3749,1876,104.035108635493
378759.49250954,6558545.14691416,3729,3725,1865,201.613383500807
378759.49250954,6558545.14691416,3729,3707,1866,127.473155552967
378759.49250954,6558545.14691416,3729,3733,1867,293.31016944677
378759.49250954,6558545.14691416,3729,3760,1881,125.808110998001
379052.75986443,6558550.15830703,3733,3729,1867,293.31016944677
379052.75986443,6558550.15830703,3733,3711,1868,127.310424745526
379052.75986443,6558550.15830703,3733,3743,1872,43.8720632037723
378031.88632852,6558579.99155155,3737,3721,1869,150.938911271533
378031.88632852,6558579.99155155,3737,3740,1870,449.485423390236
378031.88632852,6558579.99155155,3737,3819,1910,441.777474568137
378090.30228140,6558164.06109713,3740,3737,1870,449.485423390236
379137.17004297,6558588.27774295,3741,3742,1871,22.9807554698097
379137.17004297,6558588.27774295,3741,3746,1874,59.9054865901755
379137.17004297,6558588.27774295,3741,3746,1877,191.285478643858
379160.14940858,6558588.53048396,3742,3741,1871,22.9807554698097
379053.06861086,6558594.02928383,3743,3733,1872,43.8720632037723
379053.06861086,6558594.02928383,3743,3746,1873,26.254848602162
379053.06861086,6558594.02928383,3743,3764,1883,81.8396250800089
379079.32325403,6558594.13314611,3746,3743,1873,26.254848602162
379079.32325403,6558594.13314611,3746,3741,1874,59.9054865901755
379079.32325403,6558594.13314611,3746,3741,1877,191.285478643858
378554.70977877,6558648.56975468,3749,3750,1875,139.133166391132
378554.70977877,6558648.56975468,3749,3725,1876,104.035108635493
378554.70977877,6558648.56975468,3749,3756,1878,13.1815463169505
378415.62804914,6558644.78683615,3750,3749,1875,139.133166391132
378415.62804914,6558644.78683615,3750,3785,1893,200.094476160634
378554.72864932,6558661.75128749,3756,3749,1878,13.1815463169505
378554.72864932,6558661.75128749,3756,3758,1879,165.990599430846
378554.72864932,6558661.75128749,3756,3784,1892,182.44950034254
378720.59574900,6558668.15318904,3758,3756,1879,165.990599430846
378720.59574900,6558668.15318904,3758,3760,1880,51.4644228265101
378720.59574900,6558668.15318904,3758,3769,1885,38.4625598669513
378772.02179336,6558670.14034247,3760,3758,1880,51.4644228265101
378772.02179336,6558670.14034247,3760,3729,1881,125.808110998001
378772.02179336,6558670.14034247,3760,3764,1882,281.690658456144
378772.02179336,6558670.14034247,3760,3778,1889,120.319001303751
379053.64213501,6558675.86689928,3764,3760,1882,281.690658456144
379053.64213501,6558675.86689928,3764,3743,1883,81.8396250800089
379053.64213501,6558675.86689928,3764,3768,1884,113.841788268865
379167.46638120,6558677.86533220,3768,3764,1884,113.841788268865
378710.12247378,6558704.76756008,3769,3758,1885,38.4625598669513
378710.12247378,6558704.76756008,3769,3771,1886,76.2099481461477
378710.12247378,6558704.76756008,3769,3771,1887,64.9164283355668
378673.41475419,6558750.16105418,3771,3769,1886,76.2099481461477
378673.41475419,6558750.16105418,3771,3769,1887,64.9164283355668
378673.41475419,6558750.16105418,3771,3781,1891,49.3251585771282
350997.46479592,6558788.11399935,3775,3776,1888,706.547047869681
350997.46479592,6558788.11399935,3775,3789,1895,56.6748143214667
350997.46479592,6558788.11399935,3775,3795,1898,526.525161262392
350316.77572917,6558649.44796563,3776,3775,1888,706.547047869681
378766.85999127,6558789.97957899,3778,3760,1889,120.319001303751
378766.85999127,6558789.97957899,3778,3780,1890,157.4239278355
378766.85999127,6558789.97957899,3778,3827,1915,219.568135203658
378922.39623558,6558797.69884795,3780,3778,1890,157.4239278355
378675.90283168,6558799.42294879,3781,3771,1891,49.3251585771282
378675.90283168,6558799.42294879,3781,3821,1911,207.568403069312
378550.49471241,6558844.15165469,3784,3756,1892,182.44950034254
378550.49471241,6558844.15165469,3784,3785,1894,122.132995667751
378550.49471241,6558844.15165469,3784,3812,1907,129.526901844938
378428.36214663,6558844.47569951,3785,3750,1893,200.094476160634
378428.36214663,6558844.47569951,3785,3784,1894,122.132995667751
378428.36214663,6558844.47569951,3785,3808,1905,129.063003953715
350994.14160434,6558844.69130024,3789,3775,1895,56.6748143214667
350994.14160434,6558844.69130024,3789,3791,1896,3.03401437591345
350992.35890588,6558847.14634187,3791,3789,1896,3.03401437591345
350992.35890588,6558847.14634187,3791,3794,1897,3.61686304709819
350992.12759083,6558850.75580051,3794,3791,1897,3.61686304709819
350992.12759083,6558850.75580051,3794,3831,1916,202.213259228594
351489.28770884,6558950.94335028,3795,3775,1898,526.525161262392
351489.28770884,6558950.94335028,3795,3798,1899,575.627421406723
351489.28770884,6558950.94335028,3795,3863,1932,623.554822085091
351522.96873763,6558384.10256932,3798,3795,1899,575.627421406723
377988.04848611,6558946.19407306,3799,3800,1900,170.086967536417
378157.23593431,6558963.66358647,3800,3799,1900,170.086967536417
378157.23593431,6558963.66358647,3800,3724,1901,534.247063964647
378157.23593431,6558963.66358647,3800,3804,1902,118.538517815712
378275.69572501,6558967.98309943,3804,3800,1902,118.538517815712
378275.69572501,6558967.98309943,3804,3724,1903,433.727278033797
378275.69572501,6558967.98309943,3804,3808,1904,157.826074642184
378433.42745954,6558973.43926644,3808,3804,1904,157.826074642184
378433.42745954,6558973.43926644,3808,3785,1905,129.063003953715
378433.42745954,6558973.43926644,3808,3812,1906,118.260014393963
378551.68724283,6558973.67306671,3812,3808,1906,118.260014393963
378551.68724283,6558973.67306671,3812,3784,1907,129.526901844938
378551.68724283,6558973.67306671,3812,3824,1912,33.6370221614516
398797.11779673,6558989.82239790,3816,3718,1908,663.283439910359
398797.11779673,6558989.82239790,3816,3702,1909,672.343925686182
398797.11779673,6558989.82239790,3816,3856,1928,608.768783423244
377880.89673835,6558995.14186094,3819,3737,1910,441.777474568137
377880.89673835,6558995.14186094,3819,3835,1918,585.861940539052
377880.89673835,6558995.14186094,3819,3844,1923,1165.00357867755
378676.56210194,6559006.98417690,3821,3781,1911,207.568403069312
378676.56210194,6559006.98417690,3821,3824,1913,124.754614036197
378676.56210194,6559006.98417690,3821,3827,1914,103.253639413932
378551.80791305,6559007.30987243,3824,3812,1912,33.6370221614516
378551.80791305,6559007.30987243,3824,3821,1913,124.754614036197
378551.80791305,6559007.30987243,3824,3837,1920,166.233667438957
378779.79345725,6559009.12924887,3827,3821,1914,103.253639413932
378779.79345725,6559009.12924887,3827,3778,1915,219.568135203658
350975.94592218,6559052.32056878,3831,3794,1916,202.213259228594
359760.90372304,6558557.39074457,3833,3834,1917,530.551449171389
359927.10155078,6559058.22764519,3834,3833,1917,530.551449171389
359927.10155078,6559058.22764519,3834,3848,1924,203.979233292898
359927.10155078,6559058.22764519,3834,3939,1970,1806.66203355262
378452.51832383,6559100.69679437,3835,3819,1918,585.861940539052
378452.51832383,6559100.69679437,3835,3837,1919,13.6223899586256
378452.51832383,6559100.69679437,3835,3837,1921,61.7013844587559
378466.10763316,6559101.64557262,3837,3835,1919,13.6223899586256
378466.10763316,6559101.64557262,3837,3824,1920,166.233667438957
378466.10763316,6559101.64557262,3837,3835,1921,61.7013844587559
376843.38062060,6559145.56457668,3844,3646,1922,2041.08384746365
376843.38062060,6559145.56457668,3844,3819,1923,1165.00357867755
376843.38062060,6559145.56457668,3844,3854,1927,529.796321531609
359964.74215889,6559258.63497140,3848,3834,1924,203.979233292898
342968.29702267,6559287.07288344,3849,3679,1925,1020.67914087832
397465.94454458,6558171.86261613,3851,3852,1926,1424.36760732411
397897.15835599,6559326.92499180,3852,3851,1926,1424.36760732411
376498.98455941,6559528.22543832,3854,3844,1927,529.796321531609
376498.98455941,6559528.22543832,3854,3859,1931,243.88326229066
376498.98455941,6559528.22543832,3854,3884,1943,496.050910429549
399075.22818329,6559528.91335855,3856,3816,1928,608.768783423244
399075.22818329,6559528.91335855,3856,3857,1929,2781.17069603156
399075.22818329,6559528.91335855,3856,3872,1936,181.988752767007
400335.82032141,6557111.52592185,3857,3856,1929,2781.17069603156
376260.62965547,6559550.18042329,3859,3860,1930,672.867471379738
376260.62965547,6559550.18042329,3859,3854,1931,243.88326229066
376260.62965547,6559550.18042329,3859,3878,1939,293.45085626088
376128.68475433,6558924.33244829,3860,3859,1930,672.867471379738
351356.09240858,6559559.29368598,3863,3795,1932,623.554822085091
351356.09240858,6559559.29368598,3863,3867,1934,143.262677508301
394183.13006428,6559591.98085230,3865,3644,1933,5575.38235253354
351421.54476084,6559647.67907310,3867,3863,1934,143.262677508301
351421.54476084,6559647.67907310,3867,3870,498245,19.2921772165404
351608.61350147,6559685.28482505,3869,3870,1935,171.525702668899
351608.61350147,6559685.28482505,3869,3873,1937,453.609521369449
351440.54764989,6559651.00748254,3870,3869,1935,171.525702668899
351440.54764989,6559651.00748254,3870,3867,498245,19.2921772165404
399156.65641263,6559691.35110624,3872,3856,1936,181.988752767007
399156.65641263,6559691.35110624,3872,3888,1944,292.993752296125
352053.80060985,6559772.29078121,3873,3869,1937,453.609521369449
352053.80060985,6559772.29078121,3873,3460,1938,4795.42492157367
352053.80060985,6559772.29078121,3873,4246,2123,2094.61648951906
376284.05867008,6559842.13206007,3878,3859,1939,293.45085626088
376284.05867008,6559842.13206007,3878,3882,1941,96.2999509077578
401388.06460569,6559131.98738162,3879,3880,1940,2161.84721436081
399739.98010424,6559886.46195072,3880,3879,1940,2161.84721436081
376275.15177364,6559938.01922157,3882,3878,1941,96.2999509077578
376275.15177364,6559938.01922157,3882,3884,1942,47.6306672434863
376291.49619833,6559978.79716088,3884,3882,1942,47.6306672434863
376291.49619833,6559978.79716088,3884,3854,1943,496.050910429549
376291.49619833,6559978.79716088,3884,3892,1946,58.976856549171
399184.73723254,6559981.70203042,3888,3872,1944,292.993752296125
399184.73723254,6559981.70203042,3888,3890,1945,266.898412951843
399184.73723254,6559981.70203042,3888,3910,1955,290.17760469784
398919.60422186,6560009.09663052,3890,3888,1945,266.898412951843
376266.88307730,6560032.39253271,3892,3884,1946,58.976856549171
376266.88307730,6560032.39253271,3892,3903,498246,31.759613173914
415977.20300256,6560107.92631876,3893,3894,1947,2234.66623165296
415977.20300256,6560107.92631876,3893,3895,1948,54.1178471611005
415977.20300256,6560107.92631876,3893,3899,1950,36.9899502436147
414702.45569004,6558407.03568305,3894,3893,1947,2234.66623165296
416027.28571704,6560087.42112207,3895,3893,1948,54.1178471611005
416010.81121838,6560121.95992579,3899,3893,1950,36.9899502436147
376213.30742355,6560153.95502843,3901,3902,1951,597.432032158305
376213.30742355,6560153.95502843,3901,3903,1952,101.088690203854
376213.30742355,6560153.95502843,3901,6570,3285,8194.18119008775
375857.75794586,6559764.45307605,3902,3901,1951,597.432032158305
376253.70935679,6560061.29108141,3903,3901,1952,101.088690203854
376253.70935679,6560061.29108141,3903,3892,498246,31.759613173914
360640.01827137,6560215.12581457,3905,2937,1953,7153.82121787409
360640.01827137,6560215.12581457,3905,3907,1954,101.510042078673
360640.01827137,6560215.12581457,3905,4036,2018,931.270127785358
360547.42497656,6560256.72834334,3907,3905,1954,101.510042078673
360547.42497656,6560256.72834334,3907,3942,498247,57.9210756500719
399198.31866693,6560271.51174444,3910,3888,1955,290.17760469784
399198.31866693,6560271.51174444,3910,3912,1956,430.180543282484
399198.31866693,6560271.51174444,3910,3968,1984,274.742168766769
399626.08887350,6560226.03702402,3912,3910,1956,430.180543282484
402285.25188823,6560227.82060413,3913,3914,1957,364.217429948519
401936.33759618,6560294.36216521,3914,3913,1957,364.217429948519
401936.33759618,6560294.36216521,3914,3915,1959,115.344239162636
401936.33759618,6560294.36216521,3914,4300,2150,2776.65395950368
401821.00298398,6560295.85237877,3915,34,1958,15537.1103964503
401821.00298398,6560295.85237877,3915,3914,1959,115.344239162636
401821.00298398,6560295.85237877,3915,3919,1960,921.457321528229
401821.00298398,6560295.85237877,3915,4604,2303,3016.62217000451
400900.21271684,6560325.59482248,3919,3915,1960,921.457321528229
400701.56349892,6560331.88801532,3921,3922,1961,1447.10532688529
401964.51629829,6559676.90844288,3922,3921,1961,1447.10532688529
344022.00628405,6560375.19460779,3923,3924,1962,339.145041438878
344022.00628405,6560375.19460779,3923,3679,1963,2433.95202865254
344022.00628405,6560375.19460779,3923,3928,1965,131.63114682
344022.00628405,6560375.19460779,3923,3935,1968,62.6245986002532
343802.48791298,6560119.40380310,3924,3923,1962,339.145041438878
344152.31960276,6560349.96765744,3927,3928,1964,32.7834857941229
344147.73120914,6560382.42845818,3928,3927,1964,32.7834857941229
344147.73120914,6560382.42845818,3928,3923,1965,131.63114682
344147.73120914,6560382.42845818,3928,3932,1966,23.712626190137
344144.41347560,6560405.90783818,3932,3928,1966,23.712626190137
344144.41347560,6560405.90783818,3932,3933,1967,80.6442749078718
344144.41347560,6560405.90783818,3932,3944,1972,104.230532822292
344144.41347560,6560405.90783818,3932,3946,1973,56.0840288637306
344068.87123168,6560427.35672528,3933,3932,1967,80.6442749078718
344068.87123168,6560427.35672528,3933,3935,1969,29.3607581325923
344068.87123168,6560427.35672528,3933,3947,1974,36.3657183033528
344040.49014303,6560434.28084916,3935,3923,1968,62.6245986002532
344040.49014303,6560434.28084916,3935,3933,1969,29.3607581325923
344040.49014303,6560434.28084916,3935,3956,1978,141.380367421867
360153.74493713,6560439.34166151,3939,3834,1970,1806.66203355262
360153.74493713,6560439.34166151,3939,3942,1971,376.069318414057
360153.74493713,6560439.34166151,3939,3963,1982,89.5535325941816
360153.74493713,6560439.34166151,3939,4083,2042,1361.42969334329
360494.32256369,6560279.85808072,3942,3939,1971,376.069318414057
360494.32256369,6560279.85808072,3942,3907,498247,57.9210756500719
344219.33634106,6560455.34202163,3944,3932,1972,104.230532822292
344219.33634106,6560455.34202163,3944,3946,1975,85.8987112960557
344219.33634106,6560455.34202163,3944,3977,1989,273.883588930016
344135.15942727,6560461.22312434,3946,3932,1973,56.0840288637306
344135.15942727,6560461.22312434,3946,3944,1975,85.8987112960557
344135.15942727,6560461.22312434,3946,3947,1976,67.6016681993873
344135.15942727,6560461.22312434,3946,3962,1981,70.4841383174361
344071.29483428,6560463.52191127,3947,3933,1974,36.3657183033528
344071.29483428,6560463.52191127,3947,3946,1976,67.6016681993873
344071.29483428,6560463.52191127,3947,3953,1977,61.7221489006864
344010.23015462,6560471.83861233,3953,3947,1977,61.7221489006864
344010.23015462,6560471.83861233,3953,3956,1979,103.167860997625
344010.23015462,6560471.83861233,3953,3959,1980,46.0703469665343
343907.71644789,6560473.17961629,3956,3935,1978,141.380367421867
343907.71644789,6560473.17961629,3956,3953,1979,103.167860997625
343907.71644789,6560473.17961629,3956,4010,2005,1291.67554309073
344024.11639223,6560515.11552603,3959,3953,1980,46.0703469665343
344131.03372181,6560524.74552320,3962,3946,1981,70.4841383174361
344131.03372181,6560524.74552320,3962,3972,498248,18.1263930585014
360153.43199689,6560528.81800891,3963,3939,1982,89.5535325941816
360153.43199689,6560528.81800891,3963,3965,1983,91.0262908391472
360153.43199689,6560528.81800891,3963,3973,1987,76.1305219911602
360244.16727246,6560523.94210144,3965,3963,1983,91.0262908391472
399217.14037796,6560545.60844725,3968,3910,1984,274.742168766769
399217.14037796,6560545.60844725,3968,3970,1985,1606.15089908888
399217.14037796,6560545.60844725,3968,4004,2002,373.170983682338
400820.54554115,6560481.43798585,3970,3968,1985,1606.15089908888
344118.12833798,6560583.58797463,3971,3972,1986,57.0812097710515
344118.12833798,6560583.58797463,3971,3981,1991,152.160306778434
344142.81371053,6560538.52224237,3972,3971,1986,57.0812097710515
344142.81371053,6560538.52224237,3972,3962,498248,18.1263930585014
360165.88479539,6560602.12218639,3973,3963,1987,76.1305219911602
360165.88479539,6560602.12218639,3973,3975,1988,79.6324064216743
360165.88479539,6560602.12218639,3973,3989,1995,180.549763772734
360244.80627118,6560607.89988243,3975,3973,1988,79.6324064216743
344393.68909831,6560625.37471666,3977,3944,1989,273.883588930016
344393.68909831,6560625.37471666,3977,3980,498249,6.50167071596432
344387.98904018,6560691.37997585,3979,3980,1990,59.7492531211981
344387.98904018,6560691.37997585,3979,3984,1993,130.023896774649
344387.98904018,6560691.37997585,3979,3994,1998,141.651431242075
344387.98904018,6560691.37997585,3979,4002,2001,399.040564017827
344393.12894468,6560631.85221232,3980,3979,1990,59.7492531211981
344393.12894468,6560631.85221232,3980,3977,498249,6.50167071596432
344206.43766515,6560707.50012776,3981,3971,1991,152.160306778434
344206.43766515,6560707.50012776,3981,3984,1992,71.9540125744684
344206.43766515,6560707.50012776,3981,3987,1994,142.474198501493
344269.45705918,6560742.22671559,3984,3981,1992,71.9540125744684
344269.45705918,6560742.22671559,3984,3979,1993,130.023896774649
344269.45705918,6560742.22671559,3984,3994,1997,149.521755445037
344074.60250976,6560761.43839153,3987,3981,1994,142.474198501493
344074.60250976,6560761.43839153,3987,4019,2010,481.526571962194
344074.60250976,6560761.43839153,3987,4019,2011,580.171519389981
360131.83460824,6560776.21548655,3989,3973,1995,180.549763772734
360131.83460824,6560776.21548655,3989,3992,1996,290.468314208201
360131.83460824,6560776.21548655,3989,3998,2000,107.643884055701
360331.92639551,6560711.72650587,3992,3989,1996,290.468314208201
344387.18821599,6560832.66780313,3994,3984,1997,149.521755445037
344387.18821599,6560832.66780313,3994,3979,1998,141.651431242075
344387.18821599,6560832.66780313,3994,4554,2277,4026.02899194822
359998.06397439,6560813.91526392,3997,3998,1999,67.4388078597442
360058.24830255,6560841.64261994,3998,3997,1999,67.4388078597442
360058.24830255,6560841.64261994,3998,3989,2000,107.643884055701
360058.24830255,6560841.64261994,3998,4011,2006,139.803088504388
360058.24830255,6560841.64261994,3998,4016,2008,173.312733873789
344730.01041170,6560842.84897091,4002,3979,2001,399.040564017827
399241.37766152,6560917.98964246,4004,3968,2002,373.170983682338
399241.37766152,6560917.98964246,4004,4006,2004,39.9030089996375
399241.37766152,6560917.98964246,4004,4054,2027,324.80508507248
396240.56289933,6559759.71118069,4005,4006,2003,4091.97916409788
399204.35376590,6560932.87188962,4006,4005,2003,4091.97916409788
399204.35376590,6560932.87188962,4006,4004,2004,39.9030089996375
399204.35376590,6560932.87188962,4006,4030,2015,179.029200158576
342825.90199415,6560944.65742283,4010,3956,2005,1291.67554309073
359979.19369060,6560956.94774509,4011,3998,2006,139.803088504388
359979.19369060,6560956.94774509,4011,4024,2012,78.8618243899063
359979.19369060,6560956.94774509,4011,4024,2013,43.8901971082954
360295.71740779,6560923.27908262,4013,4014,2007,96.1964366796403
360212.78613312,6560963.42221840,4014,4013,2007,96.1964366796403
360212.78613312,6560963.42221840,4014,4016,2009,34.7193807557236
360212.78613312,6560963.42221840,4014,4042,2021,224.492880669383
360178.11435918,6560965.23976945,4016,3998,2008,173.312733873789
360178.11435918,6560965.23976945,4016,4014,2009,34.7193807557236
360178.11435918,6560965.23976945,4016,4031,2017,235.847179683655
343641.14669035,6560970.43334471,4019,3987,2010,481.526571962194
343641.14669035,6560970.43334471,4019,3987,2011,580.171519389981
343641.14669035,6560970.43334471,4019,5402,2701,4793.56020494024
359955.24330230,6560993.72719999,4024,4011,2012,78.8618243899063
359955.24330230,6560993.72719999,4024,4011,2013,43.8901971082954
359955.24330230,6560993.72719999,4024,4031,2016,14.9489934405628
330563.21033962,6560354.28084075,4027,4028,2014,3390.46012749825
333892.65946375,6560994.30488487,4028,4027,2014,3390.46012749825
399041.63224494,6561005.77075826,4030,4006,2015,179.029200158576
359947.08469552,6561006.25355382,4031,4024,2016,14.9489934405628
359947.08469552,6561006.25355382,4031,4016,2017,235.847179683655
359947.08469552,6561006.25355382,4031,4083,2043,767.811532341316
360945.85235525,6561053.32895399,4036,3905,2018,931.270127785358
413578.79097242,6561058.62736091,4037,4038,2019,4740.15438653961
413578.79097242,6561058.62736091,4037,4065,2033,303.398769605714
410305.64939409,6557655.30038666,4038,4037,2019,4740.15438653961
416403.84432567,6561098.54132213,4039,4040,2020,184.443967832422
416403.84432567,6561098.54132213,4039,4047,2024,98.9218915160352
416317.93111139,6561037.13454575,4040,4039,2020,184.443967832422
416317.93111139,6561037.13454575,4040,4044,2023,203.0286320498
360371.21138124,6561102.55247413,4042,4014,2021,224.492880669383
416079.72842091,6560918.12638269,4043,4044,2022,214.405741530191
416138.37344539,6561124.35582555,4044,4043,2022,214.405741530191
416138.37344539,6561124.35582555,4044,4040,2023,203.0286320498
416138.37344539,6561124.35582555,4044,4062,2031,200.241527930387
416336.76509028,6561169.80999910,4047,4039,2024,98.9218915160352
416336.76509028,6561169.80999910,4047,4049,2025,55.0577826335271
416373.54401060,6561210.05017263,4049,4047,2025,55.0577826335271
416373.54401060,6561210.05017263,4049,4052,2026,1095.17511913527
416373.54401060,6561210.05017263,4049,4059,2030,114.566687930155
416126.57990297,6560496.91624571,4052,4049,2026,1095.17511913527
399264.73866363,6561241.94356709,4054,4004,2027,324.80508507248
399264.73866363,6561241.94356709,4054,4600,2300,2108.0082951336
416821.32246303,6561266.68544449,4055,4056,2028,429.16375366689
416821.32246303,6561266.68544449,4055,4107,2055,272.715847849162
417108.90400295,6560948.12872214,4056,4055,2028,429.16375366689
417118.45790127,6560952.51889924,4057,4058,2029,432.566710587125
416829.17364658,6561274.12203837,4058,4057,2029,432.566710587125
416829.17364658,6561274.12203837,4058,4106,2053,255.93475522013
416454.72767628,6561290.88790151,4059,4049,2030,114.566687930155
416454.72767628,6561290.88790151,4059,4064,2032,32.616841703854
416454.72767628,6561290.88790151,4059,4067,2034,46.2926762171862
416208.30071058,6561310.97838948,4062,4044,2031,200.241527930387
416208.30071058,6561310.97838948,4062,4077,2040,113.601558682618
416208.30071058,6561310.97838948,4062,4102,2051,157.453007515505
416430.94410814,6561313.20830136,4064,4059,2032,32.616841703854
413732.20279150,6561320.14378035,4065,4037,2033,303.398769605714
413732.20279150,6561320.14378035,4065,4219,2110,533.755539124111
413732.20279150,6561320.14378035,4065,4219,2111,1515.39154418848
416487.56451297,6561323.51847042,4067,4059,2034,46.2926762171862
416487.56451297,6561323.51847042,4067,4074,2037,30.6918841904847
416487.56451297,6561323.51847042,4067,4075,2038,45.0036948453653
349725.62338692,6561326.57259796,4069,4070,2035,101.982742917107
349725.62338692,6561326.57259796,4069,4071,2036,889.971820710467
349725.62338692,6561326.57259796,4069,4096,2048,119.685558421403
349627.71418139,6561301.10549420,4070,4069,2035,101.982742917107
349737.52675232,6560616.42540859,4071,4069,2036,889.971820710467
416465.08750790,6561344.41765697,4074,4067,2037,30.6918841904847
416518.81197096,6561355.90564255,4075,4067,2038,45.0036948453653
416518.81197096,6561355.90564255,4075,4081,2041,30.2868797272981
416518.81197096,6561355.90564255,4075,4100,2050,131.912656019721
416104.96709960,6561357.49562736,4077,4078,2039,62.9009851085377
416104.96709960,6561357.49562736,4077,4062,2040,113.601558682618
416104.96709960,6561357.49562736,4077,4250,2126,711.509139601451
416052.41974578,6561326.32711074,4078,4077,2039,62.9009851085377
416540.48366625,6561377.06297478,4081,4075,2041,30.2868797272981
416540.48366625,6561377.06297478,4081,4107,2054,135.00597081036
416540.48366625,6561377.06297478,4081,4127,2065,160.754610989007
359284.55132580,6561383.74365117,4083,3939,2042,1361.42969334329
359284.55132580,6561383.74365117,4083,4031,2043,767.811532341316
359284.55132580,6561383.74365117,4083,4374,2188,2216.26688687878
414835.38468384,6560608.55198746,4087,4088,2044,932.235720141401
415335.90710796,6561394.65142190,4088,4087,2044,932.235720141401
415335.90710796,6561394.65142190,4088,4134,2067,168.503452688591
415335.90710796,6561394.65142190,4088,4266,2133,681.183127802159
416316.98120120,6561408.94216358,4089,4090,2045,19.202709484962
416316.98120120,6561408.94216358,4089,4102,2052,63.450650682354
416330.62714752,6561395.43171575,4090,4089,2045,19.202709484962
416330.62714752,6561395.43171575,4090,4091,2046,20.5983853413764
416345.92989905,6561409.22009036,4091,4090,2046,20.5983853413764
416345.92989905,6561409.22009036,4091,4093,2047,34.5584957945119
416345.92989905,6561409.22009036,4091,4097,2049,50.4507581107837
416368.93310132,6561383.42973719,4093,4091,2047,34.5584957945119
349683.16870824,6561436.28395461,4096,4069,2048,119.685558421403
349683.16870824,6561436.28395461,4096,4139,2071,129.718040802969
416382.92884115,6561442.91687075,4097,4091,2049,50.4507581107837
416382.92884115,6561442.91687075,4097,4124,2063,80.3583727621895
416382.92884115,6561442.91687075,4097,4127,2064,95.008448742428
416428.71701571,6561451.75950568,4100,4075,2050,131.912656019721
416273.71977685,6561452.96681744,4102,4062,2051,157.453007515505
416273.71977685,6561452.96681744,4102,4089,2052,63.450650682354
416273.71977685,6561452.96681744,4102,4124,2062,77.8756659830629
416659.28052490,6561465.51364226,4106,4058,2053,255.93475522013
416659.28052490,6561465.51364226,4106,4107,2056,20.8625471654939
416659.28052490,6561465.51364226,4106,4117,2060,32.229450523092
416659.28052490,6561465.51364226,4106,4137,2069,132.272471184337
416638.76109768,6561469.28179577,4107,4081,2054,135.00597081036
416638.76109768,6561469.28179577,4107,4055,2055,272.715847849162
416638.76109768,6561469.28179577,4107,4106,2056,20.8625471654939
416638.76109768,6561469.28179577,4107,4113,2058,15.7134607886633
416628.04854913,6561480.77762778,4113,4114,2057,4.62260023806392
416628.04854913,6561480.77762778,4113,4107,2058,15.7134607886633
416628.04854913,6561480.77762778,4113,4117,2059,11.1684830238863
416628.04854913,6561480.77762778,4113,4158,2080,216.729994303705
416624.49127657,6561477.82563779,4114,4113,2057,4.62260023806392
416636.39107314,6561488.20307767,4117,4113,2059,11.1684830238863
416636.39107314,6561488.20307767,4117,4106,2060,32.229450523092
416636.39107314,6561488.20307767,4117,4121,2061,8.69032629004946
416636.39107314,6561488.20307767,4117,4166,2083,212.69765811728
416642.77374648,6561494.10081047,4121,4117,2061,8.69032629004946
416331.88921828,6561504.74456783,4124,4102,2062,77.8756659830629
416331.88921828,6561504.74456783,4124,4097,2063,80.3583727621895
416331.88921828,6561504.74456783,4124,4132,2066,25.2707721578142
416454.51311337,6561505.38522665,4127,4097,2064,95.008448742428
416454.51311337,6561505.38522665,4127,4081,2065,160.754610989007
416350.56656674,6561521.76715811,4132,4124,2066,25.2707721578142
416350.56656674,6561521.76715811,4132,4150,2075,141.246933643525
416350.56656674,6561521.76715811,4132,4156,2078,170.71301250568
415429.81918459,6561532.74087399,4134,4088,2067,168.503452688591
415429.81918459,6561532.74087399,4134,4136,2068,249.176690074461
415429.81918459,6561532.74087399,4134,4250,2125,329.983913566773
415663.35784547,6561489.18075791,4136,4134,2068,249.176690074461
416758.25399155,6561553.19775728,4137,4106,2069,132.272471184337
416758.25399155,6561553.19775728,4137,4143,2073,20.6426241105269
416758.25399155,6561553.19775728,4137,4147,2074,25.655326815772
349630.29813659,6561554.65566518,4139,4140,2070,397.889536490001
349630.29813659,6561554.65566518,4139,4096,2071,129.718040802969
349630.29813659,6561554.65566518,4139,4154,2077,82.8843598731771
349286.00938863,6561506.99941053,4140,4139,2070,397.889536490001
416744.17891238,6561568.29775982,4143,4144,2072,53.6337439146139
416744.17891238,6561568.29775982,4143,4137,2073,20.6426241105269
416744.17891238,6561568.29775982,4143,4151,2076,52.923773470207
416701.10091732,6561539.24174422,4144,4143,2072,53.6337439146139
416777.08645259,6561570.61998947,4147,4137,2074,25.655326815772
416777.08645259,6561570.61998947,4147,4229,2115,312.809907798766
416247.28133663,6561604.62624491,4150,4132,2075,141.246933643525
416247.28133663,6561604.62624491,4150,4177,2089,134.066479687674
416247.28133663,6561604.62624491,4150,4196,2098,153.337671577017
416709.85302252,6561608.58000260,4151,4143,2076,52.923773470207
416709.85302252,6561608.58000260,4151,4247,2124,256.279255165624
349650.64411063,6561634.87017041,4154,4139,2077,82.8843598731771
349650.64411063,6561634.87017041,4154,4161,2081,30.8737906948089
349650.64411063,6561634.87017041,4154,4174,2087,52.3064032534755
416476.99305516,6561636.47757249,4156,4132,2078,170.71301250568
416476.99305516,6561636.47757249,4156,4158,2079,6.38589802073903
416476.99305516,6561636.47757249,4156,4180,2090,96.2633445507016
416481.77866257,6561640.70577013,4158,4156,2079,6.38589802073903
416481.77866257,6561640.70577013,4158,4113,2080,216.729994303705
416481.77866257,6561640.70577013,4158,4185,2094,95.6402130853987
349679.25077983,6561642.73760314,4161,4154,2081,30.8737906948089
349679.25077983,6561642.73760314,4161,4174,2088,51.8504582292609
349679.25077983,6561642.73760314,4161,4224,2114,558.79541418114
351665.03383809,6561048.63468934,4163,4164,2082,741.407662633946
351665.03383809,6561048.63468934,4163,996500,2082,741.407662633946
351627.56417326,6561635.80041909,4164,4163,2082,741.407662633946
351627.56417326,6561635.80041909,4164,996500,2082,741.407662633946
351627.56417326,6561635.80041909,4164,4168,2084,160.534519517456
416493.36458518,6561645.63152971,4166,4117,2083,212.69765811728
416493.36458518,6561645.63152971,4166,4172,2086,49.4248781158993
416493.36458518,6561645.63152971,4166,4189,2096,99.7239809721303
351468.05544386,6561647.11805013,4168,4164,2084,160.534519517456
351468.05544386,6561647.11805013,4168,4170,2085,160.917466579199
351468.05544386,6561647.11805013,4168,4282,2141,301.396509624119
351308.89963870,6561667.03398167,4170,4168,2085,160.917466579199
351308.89963870,6561667.03398167,4170,4209,2106,1119.5342373272
416530.11610285,6561678.63330812,4172,4166,2086,49.4248781158993
349652.20723670,6561686.97691590,4174,4154,2087,52.3064032534755
349652.20723670,6561686.97691590,4174,4161,2088,51.8504582292609
349652.20723670,6561686.97691590,4174,4236,2118,104.484918359378
416144.15806346,6561689.18898127,4177,4150,2089,134.066479687674
416144.15806346,6561689.18898127,4177,4184,498251,21.4775417354985
416408.93893817,6561704.07963273,4180,4156,2090,96.2633445507016
416408.93893817,6561704.07963273,4180,4185,2093,12.7455605215256
416408.93893817,6561704.07963273,4180,4206,2104,81.6511620600919
416054.19633716,6561641.61187625,4181,4182,2091,93.8473349528134
416114.76483008,6561707.83651719,4182,4181,2091,93.8473349528134
416114.76483008,6561707.83651719,4182,4184,2092,13.3330941003475
416114.76483008,6561707.83651719,4182,4225,2113,137.468556093989
416125.94563597,6561700.57284195,4184,4182,2092,13.3330941003475
416125.94563597,6561700.57284195,4184,4177,498251,21.4775417354985
416418.54270700,6561712.45717626,4185,4180,2093,12.7455605215256
416418.54270700,6561712.45717626,4185,4158,2094,95.6402130853987
416418.54270700,6561712.45717626,4185,4189,2095,10.8100050313066
416418.54270700,6561712.45717626,4185,4216,2109,81.9985744276449
416426.57797100,6561719.68840344,4189,4185,2095,10.8100050313066
416426.57797100,6561719.68840344,4189,4166,2096,99.7239809721303
416426.57797100,6561719.68840344,4189,4193,2097,5.96793757548616
416426.57797100,6561719.68840344,4189,4200,2100,26.2438674626543
416431.01536960,6561723.67911422,4193,4189,2097,5.96793757548616
416336.82682777,6561725.50058738,4196,4150,2098,153.337671577017
416336.82682777,6561725.50058738,4196,4198,2099,35.967156145471
416336.82682777,6561725.50058738,4196,4201,2101,21.9738656603747
416335.47966284,6561697.98337067,4198,4196,2099,35.967156145471
416408.94162332,6561739.12290420,4200,4189,2100,26.2438674626543
416408.94162332,6561739.12290420,4200,4234,2117,60.7137953615582
416408.94162332,6561739.12290420,4200,4260,2130,145.84497766569
416333.22094952,6561746.63249267,4201,4196,2101,21.9738656603747
416333.22094952,6561746.63249267,4201,4206,2103,27.4361962799942
416333.22094952,6561746.63249267,4201,4237,2119,89.306401146311
351712.80352773,6561758.76517439,4203,4204,2102,198.498562232209
351712.80352773,6561758.76517439,4203,996499,2102,198.498562232209
351712.80352773,6561758.76517439,4203,4254,2127,100.941428206209
351712.80352773,6561758.76517439,4203,4451,2226,904.738396447655
351831.67137505,6561740.44306076,4204,4203,2102,198.498562232209
351831.67137505,6561740.44306076,4204,996499,2102,198.498562232209
351831.67137505,6561740.44306076,4204,4239,498252,17.3347727146095
416354.02937766,6561764.44371225,4206,4201,2103,27.4361962799942
416354.02937766,6561764.44371225,4206,4180,2104,81.6511620600919
416354.02937766,6561764.44371225,4206,4216,2108,11.876941430193
350193.77135491,6561766.18844434,4209,4210,2105,945.437886807651
350193.77135491,6561766.18844434,4209,4170,2106,1119.5342373272
350193.77135491,6561766.18844434,4209,4224,2112,133.167570512508
350274.87956705,6560897.50450154,4210,4209,2105,945.437886807651
417108.88498512,6561666.35772817,4213,4214,2107,270.516042114458
417108.88498512,6561666.35772817,4213,4229,2116,158.960928733068
417355.95637692,6561771.85777874,4214,4213,2107,270.516042114458
416362.72931327,6561772.52906060,4216,4206,2108,11.876941430193
416362.72931327,6561772.52906060,4216,4185,2109,81.9985744276449
416362.72931327,6561772.52906060,4216,4296,2149,295.746805090259
414015.35484099,6561772.60360444,4219,4065,2110,533.755539124111
414015.35484099,6561772.60360444,4219,4065,2111,1515.39154418848
414015.35484099,6561772.60360444,4219,4631,2316,1605.89781776683
350069.29372204,6561776.08795607,4224,4209,2112,133.167570512508
350069.29372204,6561776.08795607,4224,4161,2114,558.79541418114
350069.29372204,6561776.08795607,4224,4236,2171,1013.07686016037
415997.18305859,6561778.78674310,4225,4182,2113,137.468556093989
415997.18305859,6561778.78674310,4225,4261,2131,110.641576327747
417006.68571999,6561783.06813565,4229,4147,2115,312.809907798766
417006.68571999,6561783.06813565,4229,4213,2116,158.960928733068
417006.68571999,6561783.06813565,4229,4331,2166,467.954895869338
416368.24941807,6561784.18185868,4234,4200,2117,60.7137953615582
416368.24941807,6561784.18185868,4234,4258,2129,79.2128808676774
416368.24941807,6561784.18185868,4234,4308,2155,291.1171928165
349626.30721730,6561784.26498245,4236,4174,2118,104.484918359378
349626.30721730,6561784.26498245,4236,4276,2139,269.098576293083
349626.30721730,6561784.26498245,4236,4224,2171,1013.07686016037
416257.10174447,6561790.62152048,4237,4201,2119,89.306401146311
416257.10174447,6561790.62152048,4237,4241,2121,88.1367869993616
351848.06352060,6561746.08149223,4239,4240,2120,325.246639536895
351848.06352060,6561746.08149223,4239,4204,498252,17.3347727146095
352170.15550006,6561790.69121740,4240,4239,2120,325.246639536895
352170.15550006,6561790.69121740,4240,4246,2128,179.963352294871
352170.15550006,6561790.69121740,4240,4274,2137,124.435275068279
416178.93321916,6561790.73598949,4241,4237,2121,88.1367869993616
416178.93321916,6561790.73598949,4241,4244,498253,8.4319497040799
416147.25301347,6561795.29816220,4243,4244,2122,24.1404528590465
416147.25301347,6561795.29816220,4243,4261,2132,128.6501184262
416171.15092006,6561793.98153976,4244,4243,2122,24.1404528590465
416171.15092006,6561793.98153976,4244,4241,498253,8.4319497040799
352344.81568506,6561802.52468516,4246,3873,2123,2094.61648951906
352344.81568506,6561802.52468516,4246,4240,2128,179.963352294871
352344.81568506,6561802.52468516,4246,4344,2172,519.446665690485
416567.04126993,6561809.93328433,4247,4151,2124,256.279255165624
416567.04126993,6561809.93328433,4247,4270,2136,129.110120527109
416567.04126993,6561809.93328433,4247,4394,2197,857.240443244935
415608.46020412,6561810.18775062,4250,4134,2125,329.983913566773
415608.46020412,6561810.18775062,4250,4077,2126,711.509139601451
415608.46020412,6561810.18775062,4250,4412,2206,784.647628315824
351626.11728682,6561810.48236268,4254,4203,2127,100.941428206209
351626.11728682,6561810.48236268,4254,4283,2142,180.106919707658
416424.29282353,6561840.16236601,4258,4234,2129,79.2128808676774
416424.29282353,6561840.16236601,4258,4270,2135,81.2156036493022
416497.86610261,6561847.68354947,4260,4200,2130,145.84497766569
416047.26402108,6561876.24144281,4261,4225,2131,110.641576327747
416047.26402108,6561876.24144281,4261,4243,2132,128.6501184262
416047.26402108,6561876.24144281,4261,4304,2152,163.023500596188
414867.72585571,6561887.41588492,4266,4088,2133,681.183127802159
349236.87870777,6561774.14432676,4267,4268,2134,125.736078441302
349285.10828516,6561889.05909963,4268,4267,2134,125.736078441302
349285.10828516,6561889.05909963,4268,4276,2138,109.937577135601
349285.10828516,6561889.05909963,4268,4317,2159,150.111919799863
416476.66693751,6561901.70446481,4270,4258,2135,81.2156036493022
416476.66693751,6561901.70446481,4270,4247,2136,129.110120527109
416476.66693751,6561901.70446481,4270,4290,2145,76.8763343502776
352135.72092685,6561909.42415395,4274,4240,2137,124.435275068279
349391.34938191,6561912.04726460,4276,4268,2138,109.937577135601
349391.34938191,6561912.04726460,4276,4236,2139,269.098576293083
349391.34938191,6561912.04726460,4276,4319,2161,135.596442386862
401805.59006540,6561836.20146495,4279,4280,2140,713.341021568459
402415.33784620,6561913.29381545,4280,4279,2140,713.341021568459
402415.33784620,6561913.29381545,4280,4604,2333,2853.30965424856
351333.28906256,6561914.48989080,4282,4168,2141,301.396509624119
351505.64613984,6561935.93864046,4283,4254,2142,180.106919707658
404090.97529569,6561946.69716370,4285,4286,2143,69.9611802265537
404090.97529569,6561946.69716370,4285,4288,2144,2767.17753390572
404090.97529569,6561946.69716370,4285,4329,2165,173.812940636753
404022.91507161,6561935.00905685,4286,4285,2143,69.9611802265537
404022.91507161,6561935.00905685,4286,4301,498254,24.0024511652875
403707.96971664,6559872.65190423,4288,4285,2144,2767.17753390572
416421.24324400,6561954.69374986,4290,4270,2145,76.8763343502776
416167.13238546,6561959.74080742,4291,4292,2146,13.5628035232205
416167.13238546,6561959.74080742,4291,4294,2147,80.0259188784987
416167.13238546,6561959.74080742,4291,4304,2153,43.019270999789
416157.23457791,6561950.46810312,4292,4291,2146,13.5628035232205
416189.72007206,6561893.17835450,4294,4291,2147,80.0259188784987
416159.85155988,6561987.58149420,4295,4296,2148,6.16597547443185
416164.31196686,6561991.83872606,4296,4295,2148,6.16597547443185
416164.31196686,6561991.83872606,4296,4216,2149,295.746805090259
416164.31196686,6561991.83872606,4296,4308,2154,11.1392913835415
416164.31196686,6561991.83872606,4296,4312,2157,14.0304310588542
403910.70614569,6561993.01402551,4300,3914,2150,2776.65395950368
403910.70614569,6561993.01402551,4300,4301,2151,103.465100036118
403910.70614569,6561993.01402551,4300,4336,2168,148.397781423634
404001.64909202,6561946.13900626,4301,4300,2151,103.465100036118
404001.64909202,6561946.13900626,4301,4286,498254,24.0024511652875
416141.89846787,6561994.58197675,4304,4261,2152,163.023500596188
416141.89846787,6561994.58197675,4304,4291,2153,43.019270999789
416141.89846787,6561994.58197675,4304,4312,2156,15.3723555374697
416172.36316714,6561999.53690657,4308,4296,2154,11.1392913835415
416172.36316714,6561999.53690657,4308,4234,2155,291.1171928165
416172.36316714,6561999.53690657,4308,4316,2158,6.90375987044607
416172.36316714,6561999.53690657,4308,4356,2179,346.387703051841
416155.11429312,6562002.43380952,4312,4304,2156,15.3723555374697
416155.11429312,6562002.43380952,4312,4296,2157,14.0304310588542
416155.11429312,6562002.43380952,4312,4326,2164,93.0933497143173
416177.35492614,6562004.30599898,4316,4308,2158,6.90375987044607
349361.01056528,6562016.70293237,4317,4268,2159,150.111919799863
349361.01056528,6562016.70293237,4317,4319,2160,44.1459959758259
349361.01056528,6562016.70293237,4317,4346,2173,187.138048444712
349393.65017779,6562045.57713231,4319,4317,2160,44.1459959758259
349393.65017779,6562045.57713231,4319,4276,2161,135.596442386862
349393.65017779,6562045.57713231,4319,4324,2162,9.33267515831146
349395.11888690,6562054.79351550,4324,4319,2162,9.33267515831146
349395.11888690,6562054.79351550,4324,4333,2167,102.911008212296
349395.11888690,6562054.79351550,4324,4346,2174,133.405863021334
416063.53210025,6562043.13586425,4325,4326,2163,41.135785728063
416093.03265886,6562071.80413782,4326,4325,2163,41.135785728063
416093.03265886,6562071.80413782,4326,4312,2164,93.0933497143173
416093.03265886,6562071.80413782,4326,4352,2177,239.603412265167
404198.60200121,6562078.97519750,4329,4285,2165,173.812940636753
417351.84408480,6562099.05289803,4331,4229,2166,467.954895869338
417351.84408480,6562099.05289803,4331,4340,498255,53.3249120265159
349485.41708887,6562100.83095968,4333,4324,2167,102.911008212296
403963.50901804,6562130.40041661,4336,4300,2168,148.397781423634
403963.50901804,6562130.40041661,4336,4338,2169,33.7543418077959
403963.50901804,6562130.40041661,4336,4349,2175,81.8402527029326
403963.50901804,6562130.40041661,4336,4370,2185,304.914012438027
403987.26251948,6562106.41861600,4338,4336,2169,33.7543418077959
417406.29332636,6562121.67621940,4339,4340,2170,19.9287203728622
417391.35358956,6562134.86553932,4340,4339,2170,19.9287203728622
417391.35358956,6562134.86553932,4340,4365,2183,239.271064846888
417391.35358956,6562134.86553932,4340,4331,498255,53.3249120265159
352724.86932574,6562152.18125796,4344,4246,2172,519.446665690485
352724.86932574,6562152.18125796,4344,4374,2187,4755.28691144914
352724.86932574,6562152.18125796,4344,4451,2227,863.871666255725
349392.05169551,6562187.73295609,4346,4317,2173,187.138048444712
349392.05169551,6562187.73295609,4346,4324,2174,133.405863021334
349392.05169551,6562187.73295609,4346,4372,2186,198.372142689453
403908.51319627,6562191.00806094,4349,4336,2175,81.8402527029326
403908.51319627,6562191.00806094,4349,4509,2255,783.287233952055
415929.55957473,6562247.02673721,4351,4352,2176,4.92148524166573
415933.21573245,6562250.32120647,4352,4351,2176,4.92148524166573
415933.21573245,6562250.32120647,4352,4326,2177,239.603412265167
415933.21573245,6562250.32120647,4352,4356,2178,9.23254553033551
415933.21573245,6562250.32120647,4352,4412,2207,334.757645263521
415940.07883522,6562256.49678070,4356,4352,2178,9.23254553033551
415940.07883522,6562256.49678070,4356,4308,2179,346.387703051841
415940.07883522,6562256.49678070,4356,4362,2181,5.76357684507015
415940.07883522,6562256.49678070,4356,4417,2210,335.254637853581
396670.68402979,6562257.13329448,4359,4360,2180,3695.10760696061
396670.68402979,6562257.13329448,4359,4481,2241,1441.72122856676
396670.68402979,6562257.13329448,4359,5920,2961,3602.50263168598
393179.14766549,6561660.54872831,4360,4359,2180,3695.10760696061
415944.35898049,6562260.35672559,4362,4356,2181,5.76357684507015
324725.49316796,6562206.87877055,4363,4364,2182,130.299230892882
324841.71872462,6562265.78131337,4364,4363,2182,130.299230892882
324841.71872462,6562265.78131337,4364,4378,2189,217.552704055795
324841.71872462,6562265.78131337,4364,4379,2190,120.072018670485
417566.24849158,6562298.15064046,4365,4340,2183,239.271064846888
417566.24849158,6562298.15064046,4365,4368,2184,1163.00461551937
417566.24849158,6562298.15064046,4365,4473,2237,529.446225625573
418105.46767904,6561406.25029963,4368,4365,2184,1163.00461551937
404204.74618185,6562305.17751471,4370,4336,2185,304.914012438027
404204.74618185,6562305.17751471,4370,4914,2457,2224.70757591851
349497.85602841,6562353.76972872,4372,4346,2186,198.372142689453
349497.85602841,6562353.76972872,4372,4422,2211,169.060150833022
349497.85602841,6562353.76972872,4372,4449,2225,313.721072649539
357398.07795802,6562358.49741942,4374,4344,2187,4755.28691144914
357398.07795802,6562358.49741942,4374,4083,2188,2216.26688687878
357398.07795802,6562358.49741942,4374,5772,2886,3998.01769412497
325035.53924137,6562364.58812654,4378,4364,2189,217.552704055795
325035.53924137,6562364.58812654,4378,4386,2193,297.274478590377
325035.53924137,6562364.58812654,4378,4403,2203,132.998032803765
324836.36498600,6562370.55956993,4379,4364,2190,120.072018670485
324836.36498600,6562370.55956993,4379,4395,2199,173.892972395193
324836.36498600,6562370.55956993,4379,4395,2200,181.702575335311
325898.13236770,6562414.55964790,4381,4382,2191,637.573849524162
325898.13236770,6562414.55964790,4381,4389,2195,154.936816940932
325898.13236770,6562414.55964790,4381,4427,2214,109.007370281587
326196.56139635,6561854.37106378,4382,4381,2191,637.573849524162
329893.57634695,6560971.24338274,4383,4384,2192,2127.56467609924
330845.07342596,6562422.55980995,4384,4383,2192,2127.56467609924
330845.07342596,6562422.55980995,4384,4692,2346,1274.17297763776
330845.07342596,6562422.55980995,4384,5816,2909,3691.38695433209
325323.86517495,6562427.54666938,4386,4378,2193,297.274478590377
325323.86517495,6562427.54666938,4386,4388,2194,191.009742984655
325323.86517495,6562427.54666938,4386,4434,2217,114.140067791251
325474.49988630,6562416.89826253,4388,4386,2194,191.009742984655
325748.73724424,6562453.05702980,4389,4381,2195,154.936816940932
325748.73724424,6562453.05702980,4389,4391,2196,27.9449723577216
325721.33915599,6562458.55850603,4391,4389,2196,27.9449723577216
325721.33915599,6562458.55850603,4391,4407,2204,160.735206295175
417000.95137347,6562459.46201044,4394,4247,2197,857.240443244935
324936.68122709,6562481.16496279,4395,4396,2198,100.210589460582
324936.68122709,6562481.16496279,4395,4379,2199,173.892972395193
324936.68122709,6562481.16496279,4395,4379,2200,181.702575335311
324936.68122709,6562481.16496279,4395,4403,2202,47.2076122137841
324936.68122709,6562481.16496279,4395,4429,2215,43.6903395453597
324837.40381274,6562469.52414549,4396,4395,2198,100.210589460582
348401.34800910,6562485.44264567,4401,4471,2236,238.165657788879
324983.61456454,6562486.24634916,4403,4395,2202,47.2076122137841
324983.61456454,6562486.24634916,4403,4378,2203,132.998032803765
324983.61456454,6562486.24634916,4403,4448,2224,96.3871802150891
325563.75597397,6562490.23416365,4407,4391,2204,160.735206295175
325563.75597397,6562490.23416365,4407,4423,2213,130.156274450257
325563.75597397,6562490.23416365,4407,4444,2222,113.74102257249
418420.94484095,6562477.06915399,4409,4410,2205,79.0720382379462
418420.94484095,6562477.06915399,4409,4473,2238,512.470309379702
418420.94484095,6562477.06915399,4409,4790,2395,1441.92423382995
418497.18951270,6562497.58141880,4410,4409,2205,79.0720382379462
418497.18951270,6562497.58141880,4410,4416,2208,808.129126593604
418497.18951270,6562497.58141880,4410,4508,2254,291.671631432846
415708.44717428,6562498.39735671,4412,4250,2206,784.647628315824
415708.44717428,6562498.39735671,4412,4352,2207,334.757645263521
415708.44717428,6562498.39735671,4412,4417,2209,10.6312340476693
415708.44717428,6562498.39735671,4412,4437,2219,52.9211763264531
419131.52379303,6562055.52219136,4416,4410,2208,808.129126593604
415716.00760661,6562505.87151220,4417,4412,2209,10.6312340476693
415716.00760661,6562505.87151220,4417,4356,2210,335.254637853581
415716.00760661,6562505.87151220,4417,4442,2221,52.0233160335802
349534.72014183,6562514.06996613,4422,4372,2211,169.060150833022
349534.72014183,6562514.06996613,4422,4439,2220,37.4209943659288
349534.72014183,6562514.06996613,4422,4530,2266,395.767340235764
325436.25717035,6562516.40114388,4423,4424,2212,80.2113775095608
325436.25717035,6562516.40114388,4423,4407,2213,130.156274450257
325436.25717035,6562516.40114388,4423,4434,2218,74.623388237676
325419.89149867,6562437.87707195,4424,4423,2212,80.2113775095608
325889.12700716,6562523.11447553,4427,4381,2214,109.007370281587
325889.12700716,6562523.11447553,4427,4444,2223,260.74607879778
325889.12700716,6562523.11447553,4427,4520,2261,315.015652183895
324931.63792483,6562524.56324469,4429,4395,2215,43.6903395453597
324931.63792483,6562524.56324469,4429,4432,2216,69.8441785804704
324931.63792483,6562524.56324469,4429,4457,2229,97.2480740375287
324863.61828222,6562524.62214852,4432,4429,2216,69.8441785804704
325363.15737025,6562531.40345362,4434,4386,2217,114.140067791251
325363.15737025,6562531.40345362,4434,4423,2218,74.623388237676
325363.15737025,6562531.40345362,4434,4488,2244,163.860507873239
415673.21437008,6562537.88533478,4437,4412,2219,52.9211763264531
415673.21437008,6562537.88533478,4437,4569,2285,562.240620472983
349557.74322089,6562543.57028224,4439,4422,2220,37.4209943659288
349557.74322089,6562543.57028224,4439,4466,498256,33.8782786079128
415681.35977975,6562544.67812897,4442,4417,2221,52.0233160335802
415681.35977975,6562544.67812897,4442,4518,2259,308.75258219477
325633.86211166,6562574.20541324,4444,4407,2222,113.74102257249
325633.86211166,6562574.20541324,4444,4427,2223,260.74607879778
325633.86211166,6562574.20541324,4444,4462,2231,58.5647824383682
324969.89527721,6562581.60650460,4448,4403,2224,96.3871802150891
324969.89527721,6562581.60650460,4448,4457,2230,67.6653295797575
324969.89527721,6562581.60650460,4448,4502,2252,174.04678890449
349657.90516177,6562592.96712624,4449,4372,2225,313.721072649539
349657.90516177,6562592.96712624,4449,4464,2232,73.7436974664171
349657.90516177,6562592.96712624,4449,4465,2234,55.5188976071726
351983.79088207,6562596.09798989,4451,4203,2226,904.738396447655
351983.79088207,6562596.09798989,4451,4344,2227,863.871666255725
351983.79088207,6562596.09798989,4451,4655,2328,1792.612190663
347833.69922426,6562584.89631934,4455,4456,2228,27.4400671318906
347833.69922426,6562584.89631934,4455,4496,498257,19.3578167206038
347857.57980615,6562598.41205436,4456,4455,2228,27.4400671318906
347857.57980615,6562598.41205436,4456,4477,2239,167.520966024536
347857.57980615,6562598.41205436,4456,4483,2243,146.679875544119
324930.81989623,6562621.41622969,4457,4429,2229,97.2480740375287
324930.81989623,6562621.41622969,4457,4448,2230,67.6653295797575
324930.81989623,6562621.41622969,4457,4490,2246,91.2375410232549
325655.98831667,6562626.19444033,4462,4444,2231,58.5647824383682
325655.98831667,6562626.19444033,4462,4470,2235,42.4008267466629
325655.98831667,6562626.19444033,4462,4520,2260,181.616892014462
349717.52854403,6562636.36280809,4464,4449,2232,73.7436974664171
349628.89767804,6562640.30541813,4465,4466,2233,86.2859773115806
349628.89767804,6562640.30541813,4465,4449,2234,55.5188976071726
349628.89767804,6562640.30541813,4465,4527,2264,277.632922653954
349579.35529807,6562569.65966477,4466,4465,2233,86.2859773115806
349579.35529807,6562569.65966477,4466,4439,498256,33.8782786079128
325622.74940291,6562644.28597605,4470,4462,2235,42.4008267466629
348242.71709081,6562663.09149119,4471,4401,2236,238.165657788879
348242.71709081,6562663.09149119,4471,4477,2240,255.431118324772
348242.71709081,6562663.09149119,4471,4530,2265,1105.07375314481
348242.71709081,6562663.09149119,4471,4536,2269,264.005080283698
417948.17012352,6562664.44120169,4473,4365,2237,529.446225625573
417948.17012352,6562664.44120169,4473,4409,2238,512.470309379702
417948.17012352,6562664.44120169,4473,4795,2398,1332.42823875
347987.97981076,6562664.46164732,4477,4456,2239,167.520966024536
347987.97981076,6562664.46164732,4477,4471,2240,255.431118324772
347987.97981076,6562664.46164732,4477,4483,2242,31.8211220380563
395400.76421178,6562667.36976007,4481,4359,2241,1441.72122856676
347966.02785969,6562687.49847983,4483,4477,2242,31.8211220380563
347966.02785969,6562687.49847983,4483,4456,2243,146.679875544119
347966.02785969,6562687.49847983,4483,4536,2268,190.810140264179
325410.43594876,6562688.01889833,4488,4434,2244,163.860507873239
325410.43594876,6562688.01889833,4488,4502,2253,421.90841627778
325410.43594876,6562688.01889833,4488,4524,2262,127.620518835943
324802.84200562,6562667.53196901,4489,4490,2245,119.542678084039
324802.84200562,6562667.53196901,4489,4494,2247,228.682945030612
324802.84200562,6562667.53196901,4489,4497,2249,127.295051946739
324913.37474029,6562710.15677966,4490,4489,2245,119.542678084039
324913.37474029,6562710.15677966,4490,4457,2246,91.2375410232549
324913.37474029,6562710.15677966,4490,4502,2251,90.0115719786798
324581.94703997,6562722.23300581,4494,4489,2247,228.682945030612
324581.94703997,6562722.23300581,4494,4558,2279,662.523596314599
347633.79627918,6562726.64264163,4495,4496,2248,251.328822347
347633.79627918,6562726.64264163,4495,4511,2257,53.3941448882594
347633.79627918,6562726.64264163,4495,4586,2293,334.16919438836
347817.28976493,6562574.62720484,4496,4495,2248,251.328822347
347817.28976493,6562574.62720484,4496,4455,498257,19.3578167206038
324910.68289084,6562735.05862616,4497,4489,2249,127.295051946739
324910.68289084,6562735.05862616,4497,4515,2258,85.8845180925766
324910.68289084,6562735.05862616,4497,4515,2284,442.908453618814
350240.63578749,6562745.67432013,4499,4500,2250,1101.64338780802
350240.63578749,6562745.67432013,4499,4634,2318,445.419903816122
350240.63578749,6562745.67432013,4499,4661,2331,520.516603631026
351146.72213564,6562457.43495113,4500,4499,2250,1101.64338780802
324995.33812469,6562746.24617258,4502,4490,2251,90.0115719786798
324995.33812469,6562746.24617258,4502,4448,2252,174.04678890449
324995.33812469,6562746.24617258,4502,4488,2253,421.90841627778
418625.90252712,6562758.75381446,4508,4410,2254,291.671631432846
403372.61872533,6562762.09540396,4509,4349,2255,783.287233952055
347596.04713502,6562762.24125090,4511,4512,2256,1431.70536068131
347596.04713502,6562762.24125090,4511,4495,2257,53.3941448882594
347596.04713502,6562762.24125090,4511,4554,2278,161.172110790029
347377.76640408,6561570.21857501,4512,4511,2256,1431.70536068131
324988.06819802,6562771.58122721,4515,4497,2258,85.8845180925766
324988.06819802,6562771.58122721,4515,4539,2270,275.299023428332
324988.06819802,6562771.58122721,4515,4497,2284,442.908453618814
415473.01710681,6562772.53358431,4518,4442,2259,308.75258219477
415473.01710681,6562772.53358431,4518,4574,2287,254.327700143408
415473.01710681,6562772.53358431,4518,4616,2308,439.939653029647
325714.98514714,6562780.93857595,4520,4462,2260,181.616892014462
325714.98514714,6562780.93857595,4520,4427,2261,315.015652183895
325714.98514714,6562780.93857595,4520,4543,2272,134.264374237356
325463.18301450,6562804.22881135,4524,4488,2262,127.620518835943
325463.18301450,6562804.22881135,4524,4534,2267,114.96291972495
325463.18301450,6562804.22881135,4524,4564,2282,130.866262435549
323651.67186975,6562464.59280637,4525,4526,2263,359.629450646057
323702.65755402,6562820.58971895,4526,4525,2263,359.629450646057
323702.65755402,6562820.58971895,4526,4580,2290,159.223081624014
349818.25460056,6562834.90061949,4527,4465,2264,277.632922653954
349818.25460056,6562834.90061949,4527,4593,2297,259.704119088124
349818.25460056,6562834.90061949,4527,4644,2323,397.441568874642
349329.85387365,6562841.14127025,4530,4471,2265,1105.07375314481
349329.85387365,6562841.14127025,4530,4422,2266,395.767340235764
349329.85387365,6562841.14127025,4530,4614,2307,337.688230480703
325358.83649809,6562845.63053511,4534,4524,2267,114.96291972495
325358.83649809,6562845.63053511,4534,4539,2271,127.302855284839
325358.83649809,6562845.63053511,4534,4596,2298,230.874583508443
348056.54539251,6562849.64915781,4536,4483,2268,190.810140264179
348056.54539251,6562849.64915781,4536,4471,2269,264.005080283698
348056.54539251,6562849.64915781,4536,4546,2273,55.9369052770991
325237.19016117,6562883.15633526,4539,4515,2270,275.299023428332
325237.19016117,6562883.15633526,4539,4534,2271,127.302855284839
325237.19016117,6562883.15633526,4539,4549,2276,83.8980942395483
325237.19016117,6562883.15633526,4539,4601,2301,189.51163242726
325637.76775812,6562889.14718621,4543,4520,2272,134.264374237356
325637.76775812,6562889.14718621,4543,4564,2283,127.906855443615
325637.76775812,6562889.14718621,4543,4598,2299,127.577389163817
348080.19504083,6562900.34069070,4546,4536,2273,55.9369052770991
348080.19504083,6562900.34069070,4546,4547,2274,116.027646106417
348080.19504083,6562900.34069070,4546,4576,2289,230.580761791813
348080.19504083,6562900.34069070,4546,4690,2345,579.257121399154
348185.87433685,6562859.83249576,4547,4546,2274,116.027646106417
325156.60237649,6562906.49084139,4549,4550,2275,30.7189838848084
325156.60237649,6562906.49084139,4549,4539,2276,83.8980942395483
325156.60237649,6562906.49084139,4549,4560,2280,41.7038146464222
325147.52097015,6562877.14490420,4550,4549,2275,30.7189838848084
347585.10401666,6562911.07375891,4554,3994,2277,4026.02899194822
347585.10401666,6562911.07375891,4554,4511,2278,161.172110790029
347585.10401666,6562911.07375891,4554,4586,2295,228.856418005359
323946.91681363,6562911.10896328,4558,4494,2279,662.523596314599
323946.91681363,6562911.10896328,4558,4580,2291,231.439460690256
325116.54310435,6562918.08665409,4560,4549,2280,41.7038146464222
411560.70220704,6562433.79387838,4561,4562,2281,484.867310509815
411583.67077988,6562918.11686303,4562,4561,2281,484.867310509815
411583.67077988,6562918.11686303,4562,4571,2286,798.99991029792
411583.67077988,6562918.11686303,4562,4668,2334,319.22849066582
325514.83511632,6562924.47039742,4564,4524,2282,130.866262435549
325514.83511632,6562924.47039742,4564,4543,2283,127.906855443615
325514.83511632,6562924.47039742,4564,4608,2304,168.388521332055
415294.58245369,6562953.51983970,4569,4437,2285,562.240620472983
415294.58245369,6562953.51983970,4569,4697,2350,530.993665141703
410785.59477217,6562956.52965468,4571,4562,2286,798.99991029792
410785.59477217,6562956.52965468,4571,4591,2296,664.734523124541
410785.59477217,6562956.52965468,4571,4621,2311,155.220795090302
415302.39167552,6562961.13245421,4574,4518,2287,254.327700143408
415302.39167552,6562961.13245421,4574,4726,2363,730.892443320725
347749.51801888,6562691.11617320,4575,4576,2288,309.509272630617
347861.77178021,6562974.22415929,4576,4575,2288,309.509272630617
347861.77178021,6562974.22415929,4576,4546,2289,230.580761791813
347861.77178021,6562974.22415929,4576,4584,2292,22.155246322877
323725.74853671,6562978.12927573,4580,4526,2290,159.223081624014
323725.74853671,6562978.12927573,4580,4558,2291,231.439460690256
323725.74853671,6562978.12927573,4580,4706,2353,440.125128335786
347840.09643379,6562978.33367123,4584,4576,2292,22.155246322877
347840.09643379,6562978.33367123,4584,4587,498258,11.9821037602218
347797.57244564,6562983.75548648,4586,4495,2293,334.16919438836
347797.57244564,6562983.75548648,4586,4587,2294,30.8861330749301
347797.57244564,6562983.75548648,4586,4554,2295,228.856418005359
347828.21004136,6562979.84512268,4587,4586,2294,30.8861330749301
347828.21004136,6562979.84512268,4587,4584,498258,11.9821037602218
410122.04848930,6562991.82215950,4591,4571,2296,664.734523124541
350019.93121162,6562996.31374913,4593,4527,2297,259.704119088124
350019.93121162,6562996.31374913,4593,4612,2306,89.4336305863851
350019.93121162,6562996.31374913,4593,4625,2314,192.399094386341
325396.54821978,6562984.17321017,4596,4534,2298,230.874583508443
325690.58157661,6563001.26415929,4598,4543,2299,127.577389163817
400245.77892523,6563012.76968450,4600,4054,2300,2108.0082951336
400245.77892523,6563012.76968450,4600,4604,2302,415.678737694671
400245.77892523,6563012.76968450,4600,4730,2365,547.390416374761
325191.45831045,6563014.45246138,4601,4539,2301,189.51163242726
400640.86314365,6563068.60228792,4604,4600,2302,415.678737694671
400640.86314365,6563068.60228792,4604,3915,2303,3016.62217000451
400640.86314365,6563068.60228792,4604,4280,2333,2853.30965424856
400640.86314365,6563068.60228792,4604,4730,2366,507.92237672581
325594.27937061,6563071.24006948,4608,4564,2304,168.388521332055
325594.27937061,6563071.24006948,4608,4610,2305,75.8922427017385
325594.27937061,6563071.24006948,4608,4620,2310,68.6227938130886
325668.89078258,6563058.09041129,4610,4608,2305,75.8922427017385
350010.16413823,6563085.08336675,4612,4593,2306,89.4336305863851
350010.16413823,6563085.08336675,4612,4625,2313,153.343824638055
350010.16413823,6563085.08336675,4612,4648,2324,99.2579030283226
349554.25291593,6563093.03888758,4614,4530,2307,337.688230480703
349554.25291593,6563093.03888758,4614,4618,2309,19.6797380378424
415755.99585154,6563108.02387627,4616,4518,2308,439.939653029647
349566.86404084,6563108.14688605,4618,4614,2309,19.6797380378424
349566.86404084,6563108.14688605,4618,4623,498259,9.71693663619321
325650.64603341,6563109.64074997,4620,4608,2310,68.6227938130886
325650.64603341,6563109.64074997,4620,4630,2315,29.93076050234
325650.64603341,6563109.64074997,4620,5737,2870,4488.39540648914
410793.79640947,6563111.53361713,4621,4571,2311,155.220795090302
410793.79640947,6563111.53361713,4621,4675,2338,160.401583156924
410793.79640947,6563111.53361713,4621,4694,2348,856.172147103218
349573.64939509,6563115.10230303,4623,4624,2312,19.5110255230825
349573.64939509,6563115.10230303,4623,4618,498259,9.71693663619321
349587.77983111,6563128.55633197,4624,4623,2312,19.5110255230825
349587.77983111,6563128.55633197,4624,4640,2320,51.2223586425532
350152.53576149,6563135.71764030,4625,4612,2313,153.343824638055
350152.53576149,6563135.71764030,4625,4593,2314,192.399094386341
350152.53576149,6563135.71764030,4625,4634,2317,35.1679117055704
325637.65980966,6563136.60755210,4630,4620,2315,29.93076050234
414835.23566395,6563151.38975727,4631,4219,2316,1605.89781776683
414835.23566395,6563151.38975727,4631,4697,2349,221.253147879339
414835.23566395,6563151.38975727,4631,4805,2403,1119.527849655
350178.12231334,6563159.76986444,4634,4625,2317,35.1679117055704
350178.12231334,6563159.76986444,4634,4499,2318,445.419903816122
350178.12231334,6563159.76986444,4634,4641,2321,10.1804540094534
349622.07155818,6563166.50736609,4640,4624,2320,51.2223586425532
349622.07155818,6563166.50736609,4640,4654,2327,170.516652709915
349622.07155818,6563166.50736609,4640,4672,2336,95.9590283728398
350178.04783060,6563169.95004598,4641,4634,2321,10.1804540094534
350178.04783060,6563169.95004598,4641,4650,2326,119.437787051236
350178.04783060,6563169.95004598,4641,4679,2340,106.134042842273
349628.01390194,6563076.88397135,4643,4644,2322,143.656358560477
349733.64619175,6563174.24396676,4644,4643,2322,143.656358560477
349733.64619175,6563174.24396676,4644,4527,2323,397.441568874642
349733.64619175,6563174.24396676,4644,4672,2337,88.9838743611583
349733.64619175,6563174.24396676,4644,4688,2344,168.188098619391
350006.31352433,6563184.17637405,4648,4612,2324,99.2579030283226
350006.31352433,6563184.17637405,4648,4650,2325,54.9666466996365
350006.31352433,6563184.17637405,4648,4681,2341,247.239904353114
350061.02152514,6563189.50243237,4650,4648,2325,54.9666466996365
350061.02152514,6563189.50243237,4650,4641,2326,119.437787051236
350061.02152514,6563189.50243237,4650,4681,2342,88.6085005466065
349481.32159060,6563136.98577575,4654,4640,2327,170.516652709915
350305.88161370,6563212.70094136,4655,4451,2328,1792.612190663
350305.88161370,6563212.70094136,4655,4658,2329,80.2046617052438
350305.88161370,6563212.70094136,4655,4658,2330,35.5185548629445
350272.23814780,6563224.08887101,4658,4655,2329,80.2046617052438
350272.23814780,6563224.08887101,4658,4655,2330,35.5185548629445
350272.23814780,6563224.08887101,4658,4661,2332,24.634656471228
350247.84399689,6563224.95855392,4661,4499,2331,520.516603631026
350247.84399689,6563224.95855392,4661,4658,2332,24.634656471228
350247.84399689,6563224.95855392,4661,4788,2394,605.840714986444
411600.36681566,6563236.90844329,4668,4562,2334,319.22849066582
411600.36681566,6563236.90844329,4668,4669,2335,712.690994959225
411600.36681566,6563236.90844329,4668,4675,2339,798.852117273834
411600.36681566,6563236.90844329,4668,4734,2367,308.70651794566
412312.26959014,6563203.39883307,4669,4668,2335,712.690994959225
349678.73584846,6563243.85036543,4672,4640,2336,95.9590283728398
349678.73584846,6563243.85036543,4672,4644,2337,88.9838743611583
349678.73584846,6563243.85036543,4672,4702,2351,174.092704819711
410802.27315995,6563271.71105805,4675,4621,2338,160.401583156924
410802.27315995,6563271.71105805,4675,4668,2339,798.852117273834
410802.27315995,6563271.71105805,4675,4737,2369,311.905961751828
350172.09936825,6563275.88029364,4679,4641,2340,106.134042842273
350172.09936825,6563275.88029364,4679,4681,2343,105.478118991493
350172.09936825,6563275.88029364,4679,4710,2356,183.30614092493
350066.64081013,6563277.91157513,4681,4648,2341,247.239904353114
350066.64081013,6563277.91157513,4681,4650,2342,88.6085005466065
350066.64081013,6563277.91157513,4681,4679,2343,105.478118991493
349848.05797600,6563297.37820834,4688,4644,2344,168.188098619391
349848.05797600,6563297.37820834,4688,4702,2352,111.269959800944
349848.05797600,6563297.37820834,4688,4710,2355,299.316351558423
348337.90521954,6563243.38804057,4690,4546,2345,579.257121399154
331697.03456414,6563317.77657133,4692,4384,2346,1274.17297763776
331697.03456414,6563317.77657133,4692,4836,2418,1076.04655787748
331697.03456414,6563317.77657133,4692,4891,2446,1159.91388415663
409175.84542614,6563091.84113637,4693,4694,2347,972.358589983672
409175.84542614,6563091.84113637,4693,4751,2376,1119.10100359717
410120.01650210,6563323.70770152,4694,4693,2347,972.358589983672
410120.01650210,6563323.70770152,4694,4621,2348,856.172147103218
410120.01650210,6563323.70770152,4694,4748,2374,292.551074797017
414937.96341547,6563346.93709149,4697,4631,2349,221.253147879339
414937.96341547,6563346.93709149,4697,4569,2350,530.993665141703
414937.96341547,6563346.93709149,4697,4869,2435,1101.40980320107
349780.03674622,6563385.43566829,4702,4672,2351,174.092704819711
349780.03674622,6563385.43566829,4702,4688,2352,111.269959800944
349780.03674622,6563385.43566829,4702,4708,2354,62.4270321065611
323791.88332587,6563413.25720893,4706,4580,2353,440.125128335786
323791.88332587,6563413.25720893,4706,6234,3117,2626.04090226763
349816.36287013,6563436.20521683,4708,4702,2354,62.4270321065611
349816.36287013,6563436.20521683,4708,4715,2358,288.009257519897
349816.36287013,6563436.20521683,4708,4720,2360,92.2954859622519
349816.36287013,6563436.20521683,4708,4746,2373,215.788151758957
350108.28743004,6563441.58356169,4710,4688,2355,299.316351558423
350108.28743004,6563441.58356169,4710,4679,2356,183.30614092493
350108.28743004,6563441.58356169,4710,4715,2359,35.2963033325859
402468.99137471,6562559.86405987,4713,4714,2357,1439.21447236596
401999.16497488,6563468.79933982,4714,4713,2357,1439.21447236596
401999.16497488,6563468.79933982,4714,4950,2475,979.57648268071
401999.16497488,6563468.79933982,4714,4950,2476,938.488705130782
350101.30963058,6563475.34392185,4715,4708,2358,288.009257519897
350101.30963058,6563475.34392185,4715,4710,2359,35.2963033325859
350101.30963058,6563475.34392185,4715,4742,2372,108.87605385265
349891.93190064,6563485.82970503,4720,4708,2360,92.2954859622519
349891.93190064,6563485.82970503,4720,4728,2364,76.0997343343008
349891.93190064,6563485.82970503,4720,4773,2388,274.911974111235
398268.33288884,6563494.56469322,4721,4722,2361,2697.17628936035
399064.99848618,6561515.19371457,4722,4721,2361,2697.17628936035
412406.61776518,6563247.23373036,4723,4724,2362,255.526292428662
412412.96071027,6563502.68128500,4724,4723,2362,255.526292428662
412412.96071027,6563502.68128500,4724,4734,2368,799.008127642237
412412.96071027,6563502.68128500,4724,4792,2396,310.910191732214
414811.91909352,6563503.01806930,4726,4574,2363,730.892443320725
414811.91909352,6563503.01806930,4726,4761,2381,271.819854475279
414811.91909352,6563503.01806930,4726,4880,2440,901.754822426732
349960.19867768,6563519.45732344,4728,4720,2364,76.0997343343008
349960.19867768,6563519.45732344,4728,4742,2371,147.485997402417
349960.19867768,6563519.45732344,4728,4756,2378,146.259132335015
400424.27192996,6563528.02952583,4730,4600,2365,547.390416374761
400424.27192996,6563528.02952583,4730,4604,2366,507.92237672581
400424.27192996,6563528.02952583,4730,4994,2497,997.104089856779
400424.27192996,6563528.02952583,4730,5348,2675,1536.11645150479
411615.08808806,6563545.26375516,4734,4668,2367,308.70651794566
411615.08808806,6563545.26375516,4734,4724,2368,799.008127642237
411615.08808806,6563545.26375516,4734,4737,2370,802.200489105421
411615.08808806,6563545.26375516,4734,4798,2399,307.311299693159
410813.79479884,6563583.40414558,4737,4675,2369,311.905961751828
410813.79479884,6563583.40414558,4737,4734,2370,802.200489105421
410813.79479884,6563583.40414558,4737,4748,2375,676.963508973502
410813.79479884,6563583.40414558,4737,4807,2404,310.687576792481
350092.86478198,6563583.89197404,4742,4728,2371,147.485997402417
350092.86478198,6563583.89197404,4742,4715,2372,108.87605385265
350092.86478198,6563583.89197404,4742,4758,2380,88.8226062955564
349745.59614353,6563597.27390573,4746,4708,2373,215.788151758957
410137.60351441,6563615.72966707,4748,4694,2374,292.551074797017
410137.60351441,6563615.72966707,4748,4737,2375,676.963508973502
410137.60351441,6563615.72966707,4748,4751,2377,135.776730442465
410002.04537117,6563623.43098714,4751,4693,2376,1119.10100359717
410002.04537117,6563623.43098714,4751,4748,2377,135.776730442465
410002.04537117,6563623.43098714,4751,4763,2382,320.774410463488
349951.49405903,6563665.30316790,4756,4728,2378,146.259132335015
349951.49405903,6563665.30316790,4756,4758,2379,138.25235647347
349951.49405903,6563665.30316790,4756,4777,2390,89.3954894450723
350089.55092358,6563672.65274089,4758,4756,2379,138.25235647347
350089.55092358,6563672.65274089,4758,4742,2380,88.8226062955564
350089.55092358,6563672.65274089,4758,4765,2383,34.3070713320491
415017.16966107,6563681.22648046,4761,4726,2381,271.819854475279
415017.16966107,6563681.22648046,4761,4840,2420,503.809209704357
409693.60556947,6563698.48348481,4763,4751,2382,320.774410463488
350088.26893559,6563706.93585116,4765,4758,2383,34.3070713320491
350088.26893559,6563706.93585116,4765,4767,2384,68.130045
350088.26893559,6563706.93585116,4765,4783,2393,60.7560711330609
350153.20236783,6563705.12755917,4767,4765,2384,68.130045
350153.20236783,6563705.12755917,4767,4770,2385,3.07310396161615
350152.96252677,6563708.19128962,4770,4767,2385,3.07310396161615
350152.96252677,6563708.19128962,4770,4815,2408,252.334254471424
349742.43019963,6563735.54510004,4771,4772,2386,82.8894883840858
349742.43019963,6563735.54510004,4771,4773,2387,61.4721778574795
349742.43019963,6563735.54510004,4771,4782,2391,175.469549028085
349742.43019963,6563735.54510004,4771,4871,2436,429.961615190266
349737.99795385,6563652.77419645,4772,4771,2386,82.8894883840858
349803.82602857,6563738.60791559,4773,4771,2387,61.4721778574795
349803.82602857,6563738.60791559,4773,4720,2388,274.911974111235
349803.82602857,6563738.60791559,4773,4777,2389,142.947746755664
349803.82602857,6563738.60791559,4773,4940,2470,584.161835029275
349945.88511341,6563754.52252265,4777,4773,2389,142.947746755664
349945.88511341,6563754.52252265,4777,4756,2390,89.3954894450723
349945.88511341,6563754.52252265,4777,4783,2392,139.383832075235
349945.88511341,6563754.52252265,4777,4794,2397,93.729720344994
349595.74535001,6563762.61454298,4782,4771,2391,175.469549028085
350084.65557346,6563767.58437788,4783,4777,2392,139.383832075235
350084.65557346,6563767.58437788,4783,4765,2393,60.7560711330609
350084.65557346,6563767.58437788,4783,4802,2402,92.1281288277002
350206.88219002,6563803.91921123,4788,4661,2394,605.840714986444
418969.35205801,6563805.02080612,4790,4409,2395,1441.92423382995
418969.35205801,6563805.02080612,4790,4811,2407,456.532137213147
418969.35205801,6563805.02080612,4790,5080,2540,887.384792184214
412429.67572076,6563813.14183925,4792,4724,2396,310.910191732214
412429.67572076,6563813.14183925,4792,4798,2400,801.482391031032
412429.67572076,6563813.14183925,4792,4842,2421,313.864310693033
349940.67169299,6563848.10714064,4794,4777,2397,93.729720344994
349940.67169299,6563848.10714064,4794,4802,2401,139.4629315808
349940.67169299,6563848.10714064,4794,4826,2413,151.055251151199
418534.80681217,6563852.20847555,4795,4473,2398,1332.42823875
418534.80681217,6563852.20847555,4795,4811,2406,81.2906351620365
411629.14819413,6563852.25324739,4798,4734,2399,307.311299693159
411629.14819413,6563852.25324739,4798,4792,2400,801.482391031032
411629.14819413,6563852.25324739,4798,4807,2405,797.647419169418
411629.14819413,6563852.25324739,4798,4874,2437,316.925641453344
350079.66215917,6563859.57708376,4802,4794,2401,139.4629315808
350079.66215917,6563859.57708376,4802,4783,2402,92.1281288277002
350079.66215917,6563859.57708376,4802,4819,2410,104.658714309117
414092.29928503,6563883.75829604,4805,4631,2403,1119.527849655
410832.56917457,6563893.52395015,4807,4737,2404,310.687576792481
410832.56917457,6563893.52395015,4807,4798,2405,797.647419169418
410832.56917457,6563893.52395015,4807,4895,2448,310.326521336928
418564.15721094,6563928.01560883,4811,4795,2406,81.2906351620365
418564.15721094,6563928.01560883,4811,4790,2407,456.532137213147
418564.15721094,6563928.01560883,4811,4934,2467,1594.12526925721
418564.15721094,6563928.01560883,4811,5559,2780,1293.27259592689
350141.49893047,6563960.26501284,4815,4770,2408,252.334254471424
350141.49893047,6563960.26501284,4815,4817,2409,2.47115968923776
350141.37869767,6563962.73324587,4817,4815,2409,2.47115968923776
350141.37869767,6563962.73324587,4817,4819,2411,66.7096540995632
350076.59026284,6563964.19070589,4819,4802,2410,104.658714309117
350076.59026284,6563964.19070589,4819,4817,2411,66.7096540995632
350076.59026284,6563964.19070589,4819,4831,2417,47.9871983954743
414025.02478645,6563966.81591103,4823,4824,2412,94.3708961155989
414025.02478645,6563966.81591103,4823,4858,2429,237.107945101379
414025.02478645,6563966.81591103,4823,5581,2792,1581.91751452691
414084.12666594,6563893.24394712,4824,4823,2412,94.3708961155989
349934.09693414,6563999.01923905,4826,4794,2413,151.055251151199
349934.09693414,6563999.01923905,4826,4827,2414,69.774475757536
349934.09693414,6563999.01923905,4826,4940,2471,314.522028058681
350003.68102255,6564004.17017163,4827,4826,2414,69.774475757536
350003.68102255,6564004.17017163,4827,4830,2415,41.9027344622995
350003.68102255,6564004.17017163,4827,4831,2416,70.4413174977726
350003.68102255,6564004.17017163,4827,4947,2474,327.406110699664
350003.02783435,6563962.60610427,4830,4827,2415,41.9027344622995
350073.67663374,6564012.08178501,4831,4827,2416,70.4413174977726
350073.67663374,6564012.08178501,4831,4819,2417,47.9871983954743
350073.67663374,6564012.08178501,4831,4975,2489,346.092727630638
332435.08795471,6564100.81768608,4836,4692,2418,1076.04655787748
332435.08795471,6564100.81768608,4836,4837,2419,851.860932702198
332435.08795471,6564100.81768608,4836,5200,2600,978.91836327881
333060.81937275,6563522.78028146,4837,4836,2419,851.860932702198
414895.51828791,6564105.56104080,4840,4761,2420,503.809209704357
412444.12348274,6564126.67344484,4842,4792,2421,313.864310693033
412444.12348274,6564126.67344484,4842,4844,2422,28.4008557523139
412444.12348274,6564126.67344484,4842,5581,2791,1192.78508418733
412415.85018487,6564129.36216850,4844,4842,2422,28.4008557523139
412415.85018487,6564129.36216850,4844,4846,2423,68.8374308837889
412415.85018487,6564129.36216850,4844,4932,2466,160.421232801776
412347.02802582,6564130.81210462,4846,4844,2423,68.8374308837889
412347.02802582,6564130.81210462,4846,4848,2424,70.949160775012
412347.02802582,6564130.81210462,4846,5006,2503,254.52785006723
412276.27833165,6564136.12851214,4848,4846,2424,70.949160775012
412276.27833165,6564136.12851214,4848,4850,2425,68.0921672079004
412276.27833165,6564136.12851214,4848,5068,2534,363.258380943554
412208.33917643,6564140.69079482,4850,4848,2425,68.0921672079004
412208.33917643,6564140.69079482,4850,4852,2426,70.2079165428641
412208.33917643,6564140.69079482,4850,5116,2558,457.634313831443
412138.15096872,6564142.35423827,4852,4850,2426,70.2079165428641
412138.15096872,6564142.35423827,4852,4854,2427,71.753547876129
412138.15096872,6564142.35423827,4852,5146,2573,509.198604794625
412066.48796979,6564145.95787756,4854,4852,2427,71.753547876129
412066.48796979,6564145.95787756,4854,4856,2428,68.7106214113242
412066.48796979,6564145.95787756,4854,5198,2599,623.960955728261
411997.86832457,6564149.49253237,4856,4854,2428,68.7106214113242
411997.86832457,6564149.49253237,4856,4862,2431,70.4464304830485
411997.86832457,6564149.49253237,4856,5212,2606,632.844185825668
414159.46522439,6564151.56846069,4858,4823,2429,237.107945101379
414159.46522439,6564151.56846069,4858,4859,2430,27.1603293828263
414159.46522439,6564151.56846069,4858,4886,2443,40.6171542645099
414179.19264571,6564132.89997547,4859,4858,2430,27.1603293828263
411927.51328379,6564153.07970467,4862,4856,2431,70.4464304830485
411927.51328379,6564153.07970467,4862,4864,2432,70.9006762720523
411927.51328379,6564153.07970467,4862,5216,2608,632.866872911369
411856.73908983,6564157.31283173,4864,4862,2432,70.9006762720523
411856.73908983,6564157.31283173,4864,4866,2433,69.1387745583908
411856.73908983,6564157.31283173,4864,5223,2612,631.717808223548
411787.68089055,6564160.64978553,4866,4864,2433,69.1387745583908
411787.68089055,6564160.64978553,4866,4868,2434,71.3202435867355
411787.68089055,6564160.64978553,4866,5233,2617,631.515174832499
411716.46316815,6564164.47250198,4868,4866,2434,71.3202435867355
411716.46316815,6564164.47250198,4868,4874,2438,70.0391953978794
411716.46316815,6564164.47250198,4868,5252,2626,631.793001808126
414200.53939005,6564165.04577644,4869,4697,2435,1101.40980320107
414200.53939005,6564165.04577644,4869,4886,2444,26.2357449608157
349755.02006947,6564165.14923828,4871,4771,2436,429.961615190266
411646.55171434,6564168.70068330,4874,4798,2437,316.925641453344
411646.55171434,6564168.70068330,4874,4868,2438,70.0391953978794
411646.55171434,6564168.70068330,4874,4882,2441,73.6916251818942
411646.55171434,6564168.70068330,4874,5262,2631,630.758489517445
327984.54350039,6564169.60991470,4877,4878,2439,69.5408587460344
327984.54350039,6564169.60991470,4877,4883,2442,73.1931412453557
327984.54350039,6564169.60991470,4877,5002,2501,211.695468824434
328053.56805972,6564161.15170893,4878,4877,2439,69.5408587460344
328053.56805972,6564161.15170893,4878,4900,2450,253.252007683519
328053.56805972,6564161.15170893,4878,4907,2454,72.8360702046099
414206.23358401,6564171.07747862,4880,4726,2440,901.754822426732
414206.23358401,6564171.07747862,4880,4906,2453,84.0773300636116
411572.92169024,6564171.71318608,4882,4874,2441,73.6916251818942
411572.92169024,6564171.71318608,4882,4895,2449,724.534472004823
411572.92169024,6564171.71318608,4882,5051,2526,306.070545686753
327911.89372778,6564178.51196309,4883,4877,2442,73.1931412453557
327911.89372778,6564178.51196309,4883,4890,2445,73.9038523219344
327911.89372778,6564178.51196309,4883,5007,2504,210.78790494769
414183.07178635,6564184.62119814,4886,4858,2443,40.6171542645099
414183.07178635,6564184.62119814,4886,4869,2444,26.2357449608157
414183.07178635,6564184.62119814,4886,5691,2846,1487.56030877184
327838.31210976,6564185.40579197,4890,4883,2445,73.9038523219344
327838.31210976,6564185.40579197,4890,4894,2447,69.1072621994633
327838.31210976,6564185.40579197,4890,5012,2506,211.621339913671
330996.81577797,6564190.94153998,4891,4692,2446,1159.91388415663
327769.50604853,6564191.85091626,4894,4890,2447,69.1072621994633
327769.50604853,6564191.85091626,4894,5019,2510,212.458541986361
327769.50604853,6564191.85091626,4894,5024,2512,283.03800741977
410850.36987557,6564202.87579117,4895,4807,2448,310.326521336928
410850.36987557,6564202.87579117,4895,4882,2449,724.534472004823
328246.92055386,6564214.22433580,4900,4878,2450,253.252007683519
328246.92055386,6564214.22433580,4900,4907,2455,187.352127670836
328246.92055386,6564214.22433580,4900,4926,2463,70.0352081579431
327387.10581381,6564200.72247197,4901,4902,2451,261.029910746757
327387.10581381,6564200.72247197,4901,4904,2452,31.407803649348
327387.10581381,6564200.72247197,4901,4963,2482,1104.0479880256
327127.61528239,6564229.02933349,4902,4901,2451,261.029910746757
